age,bmi,km5_time_seconds,km10_time_seconds,km10_time_minutes,sex
16,18.33075523,945,2040,34,male
16,19.13552856,1110,2365,39.41666667,male
16,19.47665596,985,2055,34.25,male
16,18.33075523,1146,,,male
16,22.26345062,,2459,40.98333333,male
16,18.93491173,1164,,,male
16,21.15354919,1122,,,male
16,21.38561058,1024,1602,26.7,male
16,22.91344261,1265,2918,48.63333333,male
16,17.557827,1131,,,male
16,19.85831833,1082,,,male
17,22.53944397,988,,,male
17,23.67722511,1084,2651,44.18333333,male
17,22.26345062,,1813,30.21666667,male
17,23.00556564,1070,,,male
17,24.30183029,934,,,male
17,20.16969681,1052,2314,38.56666667,male
18,21.15354919,1007,,,male
18,20.8161602,1141,,,male
18,21.07474899,1110,2580,43,male
18,18.28758621,1140,3000,50,male
18,23.37171364,,3270,54.5,male
18,20.31658554,978,2282,38.03333333,male
18,23.00556564,1035,,,male
18,18.74747467,1081,2401,40.01666667,male
19,19.64085388,969,,,male
19,21.24975014,1074,,,male
19,20.77922058,1423,2930,48.83333333,male
19,23.12047768,1086,,,male
19,21.38588142,1032,2081,34.68333333,male
19,21.5213356,1065,,,male
19,22.36208534,1062,2481,41.35,male
19,20.77922058,970,2277,37.95,male
19,23.80480194,983,,,male
19,21.24975014,1020,,,male
19,21.70465088,1070,2414,40.23333333,male
19,21.78099442,1031,2218,36.96666667,male
20,19.6209259,1170,,,male
20,20.77922058,936,1947,32.45,male
20,22.2178154,1065,2316,38.6,male
20,19.29499054,898,1884,31.4,male
20,25.11223602,1370,,,male
20,22.90478325,893,,,male
20,19.47665596,864,1830,30.5,male
20,21.38588142,918,,,male
20,28.94248581,1148,,,male
20,21.23309135,1230,,,male
21,21.83592224,1192,,,male
21,26.71614075,1113,,,male
21,23.91941071,1051,2200,36.66666667,male
21,19.47665596,1079,,,male
21,21.24975014,1152,,,male
21,23.74768066,,2685,44.75,male
21,20.32644844,888,1826,30.43333333,male
21,26.42683792,1334,,,male
21,21.38561058,,2401,40.01666667,male
21,24.09334373,,2790,46.5,male
22,21.33333397,863,,,male
22,21.74523163,1220,,,male
22,25.68033028,,3308,55.13333333,male
22,24.09897804,1073,2280,38,male
22,25.24751663,1278,,,male
22,25.23191071,1155,,,male
22,23.84960938,1032,2220,37,male
22,22.57785988,1095,2320,38.66666667,male
22,24.02414131,1200,,,male
22,20.62209892,1003,,,male
23,23.5923233,992,2142,35.7,male
23,24.37873268,1380,3120,52,male
23,20.58569527,950,2167,36.11666667,male
23,17.7299614,982,,,male
23,26.82781029,1627,,,male
23,22.91344261,1228,,,male
23,24.57002449,1070,,,male
23,20.70289803,1072,,,male
23,21.33333397,912,1797,29.95,male
23,21.15354919,881,1910,31.83333333,male
23,22.01950264,,2274,37.9,male
23,22.01950264,900,,,male
23,20.58569527,1250,2507,41.78333333,male
23,22.80591202,949,,,male
23,22.14966202,1072,,,male
23,21.15336418,1129,,,male
23,22.11463737,1261,2460,41,male
23,20.48237419,,2303,38.38333333,male
24,21.74523163,,2417,40.28333333,male
24,24.57002449,,2795,46.58333333,male
24,25.25252724,1053,,,male
24,21.06158638,1080,,,male
24,21.81818199,,2910,48.5,male
24,25.24778557,1223,,,male
24,20.91937065,,2656,44.26666667,male
24,23.97780609,,1908,31.8,male
24,21.38588142,906,1868,31.13333333,male
24,21.5213356,1011,2143,35.71666667,male
24,23.00556564,,2760,46,male
24,25.2567234,,2296,38.26666667,male
24,24.93506622,1080,,,male
24,23.00785828,,2637,43.95,male
24,20.58569527,1426,,,male
24,22.2178154,1080,2235,37.25,male
24,24.69135857,1500,3000,50,male
24,20.34231186,,2241,37.35,male
24,25.24778557,1436,2977,49.61666667,male
24,23.61009026,1061,,,male
25,24.70283508,1500,,,male
25,21.5213356,1109,,,male
25,24.83564568,1026,2198,36.63333333,male
25,25.95155525,1320,,,male
25,23.14814949,1049,2159,35.98333333,male
25,22.36208534,1020,2180,36.33333333,male
25,24.30706978,1052,2308,38.46666667,male
25,28.75982094,1320,3720,62,male
25,23.88304138,1530,,,male
25,22.62626266,,2641,44.01666667,male
25,23.08344269,,2515,41.91666667,male
25,23.15398788,1120,2290,38.16666667,male
25,24.04452515,935,,,male
25,21.91380501,1020,,,male
25,20.47117615,852,,,male
25,25.23407936,,3400,56.66666667,male
25,20.58569527,1027,2141,35.68333333,male
25,21.06995964,1003,,,male
25,21.04377174,1490,,,male
25,22.14966202,947,,,male
25,22.91344261,1324,,,male
25,22.91344261,1380,,,male
25,21.640728,994,,,male
25,20.29899025,969,2008,33.46666667,male
25,22.86756706,959,1987,33.11666667,male
25,22.62626266,988,,,male
25,21.54762268,,2316,38.6,male
25,26.73796654,,2776,46.26666667,male
25,21.04377174,1050,2218,36.96666667,male
25,23.14814949,1454,,,male
26,22.91344261,1440,,,male
26,22.01950264,1169,2440,40.66666667,male
26,25.85858536,,3182,53.03333333,male
26,26.6554451,2400,,,male
26,23.37423897,,2920,48.66666667,male
26,29.68460083,1530,,,male
26,25.597929,1510,,,male
26,21.3521862,1112,,,male
26,23.84960938,1010,2150,35.83333333,male
26,23.2189579,1011,,,male
26,24.55106735,1160,2468,41.13333333,male
26,22.24142647,1100,,,male
26,24.55106735,1313,2710,45.16666667,male
26,21.46464729,,2324,38.73333333,male
26,23.18720627,1453,2776,46.26666667,male
26,23.09417343,1162,,,male
26,24.56565666,1290,2910,48.5,male
26,19.10643196,869,,,male
26,22.07354355,957,2525,42.08333333,male
26,29.68460083,1367,,,male
26,23.74768066,1470,3144,52.4,male
26,22.79490089,1143,,,male
26,21.51537132,1363,,,male
26,21.5213356,1053,,,male
26,25.04382706,1100,,,male
26,23.74768066,1024,2124,35.4,male
26,23.74768066,950,1876,31.26666667,male
26,26.0479641,,2815,46.91666667,male
26,20.77485466,900,,,male
26,23.80480194,1511,3147,52.45,male
26,23.82998085,1200,,,male
26,24.17777824,1367,2789,46.48333333,male
27,21.06158638,1102,,,male
27,22.01950264,1159,2504,41.73333333,male
27,19.44146538,,1993,33.21666667,male
27,25.96887398,1792,,,male
27,27.52437782,,2484,41.4,male
27,20.01107407,1322,,,male
27,34.37016678,1788,,,male
27,22.53944397,1395,,,male
27,20.91937065,1010,,,male
27,21.04377174,1025,2118,35.3,male
27,21.5213356,970,,,male
27,22.60793114,1170,,,male
27,20.06172943,,2578,42.96666667,male
27,23.92344666,,2765,46.08333333,male
27,21.20791435,1110,,,male
27,24.54230499,1420,2860,47.66666667,male
27,25.7936821,1206,,,male
27,28.05836296,1623,3662,61.03333333,male
27,28.13294601,1382,,,male
27,23.20066833,1260,,,male
27,23.24191475,1444,3100,51.66666667,male
27,25.24778557,2412,4320,72,male
27,23.74768066,,2659,44.31666667,male
27,24.38188744,1327,,,male
27,20.62209892,1260,,,male
27,25.11189079,1300,,,male
27,32.07151031,1574,3290,54.83333333,male
27,23.08344269,1620,3310,55.16666667,male
27,24.81470108,1226,2662,44.36666667,male
27,25.93015862,1434,,,male
27,27.22624207,1063,,,male
27,23.90596962,,2853,47.55,male
27,24.83564568,1450,,,male
27,28.0281086,1357,,,male
27,25.89813232,1238,,,male
27,25.23407936,1245,,,male
27,21.83592224,1116,,,male
27,25.23191071,1130,,,male
28,27.4971962,1180,2622,43.7,male
28,20.9185257,1089,,,male
28,21.33333397,,2403,40.05,male
28,22.44668961,1510,3013,50.21666667,male
28,24.55106735,1380,3000,50,male
28,22.93917274,1236,,,male
28,25.89813232,1350,,,male
28,24.97483635,1144,,,male
28,24.04452515,1271,,,male
28,22.26345062,1058,2301,38.35,male
28,20.44668007,,1935,32.25,male
28,24.83164978,1064,2273,37.88333333,male
28,24.6258564,1291,,,male
28,23.29388237,930,2070,34.5,male
28,18.75529671,1005,,,male
28,23.98990059,,2400,40,male
28,22.0347538,,3210,53.5,male
28,22.57785988,1730,3240,54,male
28,21.640728,,1860,31,male
28,20.77485466,1295,,,male
28,25.18257332,1144,2321,38.68333333,male
28,23.08344269,1324,,,male
28,23.56902504,,5640,94,male
28,26.69023323,1275,,,male
28,20.03710556,1630,,,male
28,23.14814949,1048,,,male
28,23.47361565,1050,,,male
28,22.36208534,1388,,,male
28,18.75529671,1200,,,male
28,24.23761749,1523,,,male
28,32.07881927,1512,,,male
28,26.7323513,1130,,,male
28,23.94907188,1109,,,male
28,21.640728,,2338,38.96666667,male
28,20.20103264,,2065,34.41666667,male
28,21.22448921,894,1890,31.5,male
28,21.74523163,1259,,,male
28,24.52615929,1525,3540,59,male
28,23.14814949,,1960,32.66666667,male
29,29.68460083,1414,3102,51.7,male
29,23.59925842,1072,,,male
29,23.47361565,987,2083,34.71666667,male
29,24.52615929,1300,,,male
29,20.34231186,881,1975,32.91666667,male
29,28.3521347,1446,,,male
29,27.45825768,1250,2643,44.05,male
29,22.91344261,1364,,,male
29,23.14814949,1150,2655,44.25,male
29,26.98600197,1425,3330,55.5,male
29,24.1929512,1185,,,male
29,25.96887398,,3196,53.26666667,male
29,20.03710556,993,2150,35.83333333,male
29,21.66193008,1044,2165,36.08333333,male
29,27.54821014,1935,,,male
29,22.03732109,989,,,male
29,24.22145271,,2570,42.83333333,male
29,22.31223869,1429,3330,55.5,male
29,31.14186668,1395,,,male
29,22.26345062,1057,,,male
29,24.48979568,1421,,,male
29,26.25741768,1440,,,male
29,21.83592224,,2375,39.58333333,male
29,25.92195129,1725,3750,62.5,male
29,23.67722511,1081,,,male
29,28.05836296,1670,3165,52.75,male
29,25.95155525,,3720,62,male
29,24.50540733,1440,3240,54,male
29,23.90596962,1647,,,male
29,28.65964699,,3905,65.08333333,male
29,23.08238602,1560,,,male
29,21.640728,907,1920,32,male
29,22.91344261,1110,,,male
29,22.70872116,1333,,,male
29,26.27408218,1176,,,male
29,24.1301918,1172,,,male
30,26.71614075,1234,,,male
30,29.09090996,1490,3397,56.61666667,male
30,22.01950264,,2880,48,male
30,28.64563942,1530,,,male
30,23.5923233,1281,,,male
30,20.63079834,1410,,,male
30,26.71614075,,2910,48.5,male
30,22.91344261,,2802,46.7,male
30,23.74768066,1320,2880,48,male
30,22.44668961,,2560,42.66666667,male
30,25.11189079,1107,,,male
30,23.88304138,1180,,,male
30,25.38033295,1396,3150,52.5,male
30,28.85430336,,3604,60.06666667,male
30,22.57785988,,1992,33.2,male
30,21.74523163,,2207,36.78333333,male
30,27.21805,1246,2761,46.01666667,male
30,23.91919327,1165,,,male
30,21.87164688,1380,,,male
30,20.77922058,1116,,,male
30,27.52437782,,3658,60.96666667,male
30,21.5213356,,2157,35.95,male
30,18.939394,1085,,,male
30,24.44100571,,2428,40.46666667,male
30,23.84960938,1290,,,male
30,21.91380501,1604,,,male
30,23.30609322,1338,,,male
30,25.97402573,1250,,,male
30,24.44100571,,2340,39,male
30,18.939394,1365,3317,55.28333333,male
30,23.74768066,954,,,male
30,24.83164978,1144,,,male
30,23.37472534,1106,,,male
30,23.37472534,1447,,,male
30,23.67722511,,1945,32.41666667,male
30,23.74768066,924,,,male
30,25.54470444,1440,,,male
30,24.41077614,968,,,male
30,20.47117615,930,1840,30.66666667,male
30,27.54821014,1072,,,male
30,25.95155525,1102,,,male
30,22.01950264,1161,,,male
30,21.83592224,,2926,48.76666667,male
31,23.00556564,1229,,,male
31,27.59932137,1355,,,male
31,29.04040718,1410,3060,51,male
31,21.04377174,1157,2399,39.98333333,male
31,21.54765511,1065,,,male
31,25.75936508,1198,,,male
31,22.57785988,1240,2598,43.3,male
31,21.96660423,1150,2494,41.56666667,male
31,21.24975014,1007,,,male
31,28.2599144,,2898,48.3,male
31,22.26345062,1108,,,male
31,22.51829529,1087,2422,40.36666667,male
31,22.7912426,1035,,,male
31,26.50887489,,2955,49.25,male
31,22.76068687,1200,2250,37.5,male
31,22.31223869,1156,,,male
31,28.2003727,1350,2770,46.16666667,male
31,25.89813232,1500,,,male
31,24.55106735,1150,,,male
31,22.26345062,1202,2506,41.76666667,male
31,21.24975014,1470,3090,51.5,male
31,22.53840446,1147,,,male
31,24.52615929,,2375,39.58333333,male
31,25.5287571,,2880,48,male
31,21.06158638,1035,,,male
31,24.37873268,1197,,,male
31,26.6554451,1170,2475,41.25,male
31,19.85831833,1188,,,male
31,22.60793114,1139,,,male
31,20.04040337,1130,,,male
31,21.99690628,957,2020,33.66666667,male
31,28.2003727,2040,,,male
31,24.56541252,,3070,51.16666667,male
31,25.92195129,,3512,58.53333333,male
31,25.96887398,1436,2651,44.18333333,male
31,22.35768318,1162,2386,39.76666667,male
32,23.70815659,1089,,,male
32,31.38913918,,2681,44.68333333,male
32,23.14814949,1260,,,male
32,23.49176788,1205,,,male
32,25.8121376,1248,,,male
32,22.19567108,1073,,,male
32,23.30609322,1225,,,male
32,23.78989792,1116,,,male
32,22.0347538,1380,2580,43,male
32,23.67722511,1198,,,male
32,21.07606697,1250,,,male
32,29.16219711,1380,3248,54.13333333,male
32,24.70283508,1102,2226,37.1,male
32,35.07295227,1684,3720,62,male
32,18.39954567,1003,2160,36,male
32,22.91344261,,2066,34.43333333,male
32,24.48979568,985,,,male
32,19.37938118,1110,,,male
32,25.89813232,1284,,,male
32,20.03710556,,2157,35.95,male
32,22.72727203,,2675,44.58333333,male
32,28.13294601,1296,,,male
32,24.78664017,1560,4076,67.93333333,male
32,21.07606697,1095,,,male
32,20.74412727,,3003,50.05,male
32,19.92143822,,2290,38.16666667,male
32,26.40168762,1193,,,male
32,24.48979568,1310,,,male
32,21.38588142,,3272,54.53333333,male
32,23.88304138,,2766,46.1,male
32,21.23309135,1080,,,male
32,29.57566071,1815,3277,54.61666667,male
32,22.02581596,1200,2287,38.11666667,male
32,23.84960938,962,,,male
32,21.5213356,,2945,49.08333333,male
32,22.84372139,1435,,,male
32,29.21840668,,2588,43.13333333,male
32,24.28824997,1060,,,male
32,23.14814949,1020,,,male
32,24.70990944,,2830,47.16666667,male
32,22.51829529,1063,2318,38.63333333,male
32,26.11717224,1259,,,male
32,21.91380501,1564,3314,55.23333333,male
32,19.34570503,869,,,male
32,22.36208534,1072,,,male
32,25.24751663,1260,,,male
32,24.28824997,1187,,,male
32,20.33395195,1008,2105,35.08333333,male
33,25.82033348,1253,,,male
33,25.24778557,1299,2804,46.73333333,male
33,22.44668961,1125,,,male
33,22.26345062,1472,,,male
33,21.49645615,1065,,,male
33,22.2178154,1557,2394,39.9,male
33,32.96857834,2372,5220,87,male
33,21.9292717,1236,,,male
33,25.95155525,1065,2250,37.5,male
33,19.44146538,930,,,male
33,22.86756706,1423,,,male
33,24.3044014,,2431,40.51666667,male
33,25.24778557,1330,,,male
33,23.37171364,1500,,,male
33,25.96887398,1411,,,male
33,18.03393936,1120,,,male
33,26.73796654,1338,2913,48.55,male
33,25.96857071,1230,,,male
33,24.52615929,1092,2653,44.21666667,male
33,23.20066833,,2157,35.95,male
33,22.0466156,1122,,,male
33,23.93687057,,1920,32,male
33,20.321558,,2650,44.16666667,male
33,23.49176788,,2290,38.16666667,male
33,23.14814949,1079,,,male
33,22.35768318,1122,2388,39.8,male
33,20.92764473,1019,2087,34.78333333,male
33,24.20903206,1025,,,male
33,22.44668961,1327,,,male
33,25.39178848,1338,2833,47.21666667,male
33,21.06158638,1167,2539,42.31666667,male
33,21.23309135,1125,,,male
33,27.59932137,1860,4260,71,male
33,21.74523163,,2480,41.33333333,male
33,27.15151405,1570,,,male
33,23.70931816,,2725,45.41666667,male
33,22.51829529,1000,,,male
33,27.97727585,1625,3978,66.3,male
33,22.51829529,1292,,,male
33,24.30183029,1341,2826,47.1,male
33,28.85430336,1571,3256,54.26666667,male
33,21.24975014,,2980,49.66666667,male
33,26.25741768,1368,2839,47.31666667,male
33,21.3521862,,2820,47,male
33,19.70556259,1078,,,male
33,21.70465088,1065,,,male
33,26.7323513,1433,,,male
33,25.52073479,,3234,53.9,male
33,28.2599144,1264,2704,45.06666667,male
33,26.44170189,,2610,43.5,male
33,25.24751663,1230,,,male
33,25.92195129,1265,,,male
33,27.97727585,1607,3251,54.18333333,male
33,29.68460083,,2540,42.33333333,male
33,22.91344261,,2377,39.61666667,male
33,20.58569527,,2210,36.83333333,male
34,25.74573708,1210,,,male
34,21.96660423,,2914,48.56666667,male
34,22.51829529,988,,,male
34,20.58569527,,2520,42,male
34,22.53944397,1138,,,male
34,24.56541252,1290,,,male
34,25.04382706,1081,,,male
34,21.17267418,1092,,,male
34,26.42340279,1067,,,male
34,21.38588142,,2716,45.26666667,male
34,25.23191071,1405,,,male
34,25.53605843,1190,,,male
34,24.23761749,,3430,57.16666667,male
34,28.94248581,1356,,,male
34,25.79427338,1487,,,male
34,24.44100571,1020,,,male
34,28.44444466,1500,3000,50,male
34,23.00556564,1048,,,male
34,22.4551754,,2101,35.01666667,male
34,24.95965385,,2542,42.36666667,male
34,22.10886955,1133.5,2830,47.16666667,male
34,20.32007408,969,,,male
34,23.2491684,1178,,,male
34,26.6554451,1470,3180,53,male
34,20.76318932,1110,,,male
34,27.4971962,1680,,,male
34,22.92771912,,3750,62.5,male
34,25.25252724,,2140,35.66666667,male
34,19.44146538,1080,,,male
34,23.08344269,1247,,,male
34,21.74523163,,2693,44.88333333,male
34,23.04032135,,2494,41.56666667,male
34,24.30183029,1285,2473,41.21666667,male
34,23.90688896,,3240,54,male
34,22.26345062,1045,,,male
34,28.75982094,1500,,,male
34,19.04384041,,2090,34.83333333,male
34,28.2003727,1580,,,male
34,21.24975014,1044,,,male
34,25.97402573,,3258,54.3,male
34,22.70640373,1186,,,male
34,25.96887398,,3395,56.58333333,male
34,25.23191071,1382,,,male
34,27.51718903,1275,2946,49.1,male
34,20.19801331,1160,,,male
34,20.62209892,1106,,,male
34,22.33406639,,2465,41.08333333,male
34,22.56029701,1275,2734,45.56666667,male
34,23.88304138,,2640,44,male
34,25.85858536,1141,,,male
34,25.8121376,1623,3600,60,male
34,21.09651184,1112,2553,42.55,male
35,19.64085388,,2716,45.26666667,male
35,25.23191071,1250,2862,47.7,male
35,24.85795403,1053,2210,36.83333333,male
35,24.48979568,1440,,,male
35,23.49176788,1160,2522,42.03333333,male
35,24.37873268,890,1879,31.31666667,male
35,22.57785988,1069,,,male
35,22.33406639,1045,2196,36.6,male
35,30.5534687,1408,,,male
35,26.50887489,1439,,,male
35,24.04452515,,3282,54.7,male
35,22.8571434,,2418,40.3,male
35,24.48979568,1185,,,male
35,30.12372208,1934,4206,70.1,male
35,35.94740677,1389,,,male
35,23.88304138,1110,,,male
35,30.57513809,2343,,,male
35,22.53944397,1502,,,male
35,20.58569527,1455,,,male
35,21.88552284,1134,2445,40.75,male
35,27.35690308,1540,3482,58.03333333,male
35,23.24191475,1230,3540,59,male
35,22.65063095,1217,,,male
35,22.9631958,,2418,40.3,male
35,24.6258564,1806,3450,57.5,male
35,24.96845627,,2646,44.1,male
35,24.04452515,,2249,37.48333333,male
35,22.60793114,998,2065,34.41666667,male
35,26.69023323,1297,,,male
35,25.24778557,,2835,47.25,male
35,28.44444466,1408,,,male
35,22.91344261,1260,,,male
35,22.91344261,1080,,,male
35,24.52615929,1260,2460,41,male
35,23.14814949,1261,2820,47,male
35,30.29701996,1320,6420,107,male
35,24.48979568,1192,,,male
35,25.39178848,1596,3608,60.13333333,male
35,25.24751663,,2721,45.35,male
35,25.60000038,1180,,,male
35,23.5923233,1075,2135,35.58333333,male
35,23.00556564,1049,2162,36.03333333,male
35,26.03094482,1707,,,male
35,25.05203247,1364,,,male
35,23.80480194,1170,,,male
35,23.88125992,1353,2702,45.03333333,male
35,23.66053009,,2308,38.46666667,male
35,20.47117615,1246,2691,44.85,male
35,25.25252724,,3096,51.6,male
35,24.48979568,,2269,37.81666667,male
35,20.58569527,1195,,,male
35,21.640728,1251,2757,45.95,male
36,25.53310966,1363,,,male
36,26.61252975,1188,,,male
36,25.25252724,,3012,50.2,male
36,20.91937065,934,,,male
36,25.6369915,,2509,41.81666667,male
36,26.23456955,1264,,,male
36,19.79558945,1180,2490,41.5,male
36,23.67722511,1279,2789,46.48333333,male
36,24.56541252,1068,2247,37.45,male
36,23.80480194,1313,,,male
36,23.45083618,1082,,,male
36,19.59183693,,2400,40,male
36,27.9035244,1397,3075,51.25,male
36,22.16610718,1071,,,male
36,22.01950264,1429,,,male
36,25.89813232,,2674,44.56666667,male
36,26.41929436,,3045,50.75,male
36,21.06158638,,2315,38.58333333,male
36,23.5923233,1053,,,male
36,23.5923233,1440,3014,50.23333333,male
36,32.05936813,2010,,,male
36,23.00573349,1065,,,male
36,28.05836296,1470,,,male
36,24.47160149,1386,,,male
36,27.2949028,1620,3360,56,male
36,26.50505066,,2682,44.7,male
36,22.33406639,897,,,male
36,28.2003727,,2910,48.5,male
36,24.23761749,1386,,,male
36,22.91344261,1033,,,male
36,24.55106735,1316,,,male
36,25.24778557,1451,,,male
36,23.90688896,1160,2430,40.5,male
36,25.96887398,1380,2940,49,male
36,24.34137344,,2420,40.33333333,male
36,24.55106735,1015,,,male
36,23.52446938,1600,,,male
36,22.8571434,,2199,36.65,male
36,22.60793114,1031,,,male
36,21.9292717,1292,,,male
36,27.99622345,,3180,53,male
36,27.02195358,1575,,,male
36,23.56902504,,2390,39.83333333,male
36,22.44668961,990,,,male
37,23.67722511,1025,,,male
37,23.00556564,1077,,,male
37,25.04382706,1303,,,male
37,26.54595947,1218,,,male
37,22.56029701,1350,,,male
37,25.68181801,,3900,65,male
37,18.99196434,1220,,,male
37,36.75645447,2182,4183,69.71666667,male
37,19.9216404,1762,4225,70.41666667,male
37,20.19801331,997,,,male
37,20.55757523,,2048,34.13333333,male
37,24.9719429,1218,,,male
37,23.91919327,,3128,52.13333333,male
37,19.55280685,,2408,40.13333333,male
37,29.46128082,,2659,44.31666667,male
37,24.85058212,1270,,,male
37,25.82033348,1370.5,2850,47.5,male
37,24.22145271,1036,,,male
37,22.14966202,1027,,,male
37,20.62209892,1121,2288,38.13333333,male
37,22.57785988,964,2010,33.5,male
37,20.34231186,,2321,38.68333333,male
37,21.69139481,982,2043,34.05,male
37,28.49721718,1372,,,male
37,21.91380501,1256,,,male
37,23.00556564,1490,2984,49.73333333,male
37,25.96887398,,2595,43.25,male
37,25.23191071,1305,2925,48.75,male
37,23.14814949,1146,,,male
37,27.07126808,1189,,,male
37,23.84960938,1213,,,male
37,27.07126808,1286,,,male
37,25.92195129,,3510,58.5,male
37,26.69023323,992,2196,36.6,male
37,22.36208534,1015,,,male
37,24.48979568,1276,,,male
37,25.96857071,1290,,,male
37,23.84960938,1005,2205,36.75,male
37,24.01951408,,2428,40.46666667,male
38,25.23191071,,2340,39,male
38,23.20066833,1127,,,male
38,27.41159058,1320,,,male
38,24.67043114,1590,,,male
38,23.14814949,,2474,41.23333333,male
38,25.24751663,,2430,40.5,male
38,22.3776226,1114,,,male
38,20.63082695,1209,2591,43.18333333,male
38,23.74768066,1609,3362,56.03333333,male
38,29.21840668,,2646,44.1,male
38,21.83592224,1014,,,male
38,19.04384041,,2590,43.16666667,male
38,22.14966202,1124,,,male
38,23.90596962,1287,2737,45.61666667,male
38,23.91919327,1194,,,male
38,30.70676613,,3370,56.16666667,male
38,23.70467758,1439,,,male
38,28.31078911,1620,3420,57,male
38,24.04452515,,2857,47.61666667,male
38,28.11374855,,2860,47.66666667,male
38,22.26345062,,2280,38,male
38,28.85430336,1494,3284,54.73333333,male
38,27.8660984,,3320,55.33333333,male
38,21.18406296,1210,,,male
38,26.50887489,,2760,46,male
38,21.69139481,995,,,male
38,25.20478821,1185,2497,41.61666667,male
38,21.06158638,1100,,,male
38,24.55106735,,2730,45.5,male
38,25.56031227,,2580,43,male
38,20.34231186,1145,,,male
38,23.5923233,,3339,55.65,male
38,25.36688995,1662,,,male
38,26.97877502,1395,,,male
38,25.8121376,1361,,,male
38,22.07354355,1218,2578,42.96666667,male
38,25.49970055,1368,2930,48.83333333,male
38,23.80480194,,2294,38.23333333,male
38,25.97402573,1288,,,male
38,27.12304497,1860,,,male
38,25.8121376,1155,2567,42.78333333,male
39,20.77922058,1020,2100,35,male
39,22.36208534,,2346,39.1,male
39,21.37291145,,1981,33.01666667,male
39,22.35768318,1143,,,male
39,22.44668961,1324,,,male
39,23.88304138,,2754,45.9,male
39,23.67722511,1290,,,male
39,23.00556564,1230,,,male
39,23.74768066,,2700,45,male
39,24.44100571,,2642,44.03333333,male
39,24.37873268,1184,2533,42.21666667,male
39,22.70872116,,2627,43.78333333,male
39,21.91380501,,2630,43.83333333,male
39,35.74497223,1578,3578,59.63333333,male
39,20.90348053,985,,,male
39,26.73796654,990,,,male
39,24.09334373,1500,3090,51.5,male
39,22.84348106,,2290,38.16666667,male
39,26.71614075,1064,,,male
39,26.69023323,1860,3600,60,male
39,24.97483635,1222,,,male
39,29.73737335,1256,,,male
39,26.7323513,1620,3225,53.75,male
39,24.48979568,1004,,,male
39,27.89029694,1516,,,male
39,23.80480194,,2427,40.45,male
39,22.51969719,,3180,53,male
39,24.0484848,1264,,,male
39,20.68686867,1183,,,male
39,23.00785828,,2282,38.03333333,male
39,25.35754395,1158,,,male
39,19.7888031,,3780,63,male
40,25.52073479,,2760,46,male
40,27.45825768,1250,,,male
40,25.47970772,1386,2940,49,male
40,24.48979568,1338,,,male
40,22.26345062,912,,,male
40,23.67161942,1256,,,male
40,17.84652138,,2620,43.66666667,male
40,28.13294601,,3000,50,male
40,23.80480194,1356,2856,47.6,male
40,25.24751663,,2795,46.58333333,male
40,27.15151405,1546,,,male
40,23.61009026,1036,2157,35.95,male
40,23.88304138,1215,,,male
40,26.50887489,1195,2660,44.33333333,male
40,23.84960938,,2355,39.25,male
40,23.00556564,1059,,,male
40,25.51029968,,3300,55,male
40,22.72727203,1138,,,male
40,22.90776443,1154,2476,41.26666667,male
40,27.45825768,1625,,,male
40,31.0183773,1677,,,male
40,23.04032135,1332,2701,45.01666667,male
40,23.5923233,1098,,,male
40,21.33333397,1100,2493,41.55,male
40,25.05203247,,2484,41.4,male
40,28.44444466,1139,,,male
40,23.90596962,,3900,65,male
40,25.11189079,,2912,48.53333333,male
40,22.14966202,1277,2975,49.58333333,male
40,26.69023323,,2490,41.5,male
40,25.20478821,1140,2820,47,male
40,22.01950264,1339,,,male
40,25.25252724,1410,2910,48.5,male
41,24.27048302,1134,2360,39.33333333,male
41,23.27272797,1380,2820,47,male
41,22.9631958,1178,,,male
41,23.90596962,1210,,,male
41,22.26345062,1616,3817,63.61666667,male
41,26.20310783,1585,,,male
41,27.9035244,,2995,49.91666667,male
41,23.79261398,1160,,,male
41,23.67722511,1192,,,male
41,24.54295158,1005,,,male
41,22.14966202,1030,,,male
41,26.74900627,1285,,,male
41,25.96887398,1523,,,male
41,22.5825634,,2730,45.5,male
41,31.45643044,1500,,,male
41,25.37774658,2172,3336,55.6,male
41,23.67722511,,2376,39.6,male
41,23.29388237,950,,,male
41,24.03878021,1260,2760,46,male
41,25.20478821,,4122,68.7,male
41,21.33333397,1180,,,male
41,21.38588142,1038,,,male
41,22.51829529,1256,,,male
41,28.44444466,,3000,50,male
41,23.65378189,1568,,,male
41,27.45825768,1440,,,male
41,22.80591202,,2173,36.21666667,male
41,30.13426971,1424,3166,52.76666667,male
41,22.02581596,1122,2331,38.85,male
42,30.54651642,1680,3300,55,male
42,23.27775955,1200,3000,50,male
42,24.04452515,,2885,48.08333333,male
42,25.92195129,1314,,,male
42,23.37472534,1370,3082,51.36666667,male
42,24.55106735,1443,2578,42.96666667,male
42,23.42873192,,2552,42.53333333,male
42,24.34137344,,2580,43,male
42,29.09090996,,2674,44.56666667,male
42,17.87248611,,2412,40.2,male
42,25.89813232,1470,,,male
42,27.4961338,1546,,,male
42,25.95398712,,2296,38.26666667,male
42,18.40201187,,2005,33.41666667,male
42,28.2599144,1590,,,male
42,24.6258564,1145,,,male
42,23.5923233,1345,,,male
42,24.85795403,1234,2328,38.8,male
42,28.05194664,1274,,,male
42,22.50635719,,2388,39.8,male
42,23.61009026,1140,,,male
42,23.74768066,1203,,,male
42,25.10309982,1338,2632,43.86666667,male
42,25.87862206,1318,,,male
42,21.23312569,1052,2294,38.23333333,male
42,19.9094696,,2898,48.3,male
42,26.40168762,,2467,41.11666667,male
42,23.54119873,,3280,54.66666667,male
42,25.95398712,1233,2653,44.21666667,male
42,24.6258564,,2891,48.18333333,male
43,20.63079834,1141,2340,39,male
43,25.95398712,1210,,,male
43,25.92195129,1260,2610,43.5,male
43,23.90596962,1295,,,male
43,26.06396484,1635,3370,56.16666667,male
43,23.06619835,1147,,,male
43,23.08344269,1723,4323,72.05,male
43,33.67003632,1800,,,male
43,22.50635719,1208,,,male
43,23.30609322,1307,2920,48.66666667,male
43,23.15398788,1265,,,male
43,23.43504143,,2863,47.71666667,male
43,25.97402573,1440,,,male
43,26.73796654,1086,,,male
43,19.6209259,1163,,,male
43,23.14814949,1050,,,male
43,24.55106735,1110,2350,39.16666667,male
43,29.17645264,,3325,55.41666667,male
43,24.28824997,1097,2313,38.55,male
43,24.3044014,1123,,,male
43,24.57002449,,2562,42.7,male
43,23.08344269,1229,2646,44.1,male
43,23.67722511,,2820,47,male
43,27.5420742,,2988,49.8,male
43,19.64085388,1346,,,male
43,25.24778557,1490,3242,54.03333333,male
43,23.37171364,1255,2655,44.25,male
43,29.09720039,1290,,,male
43,22.80591202,1054,,,male
43,26.69023323,,3367,56.11666667,male
43,32.96857834,,3732,62.2,male
43,24.55106735,,2316,38.6,male
43,30.55125809,1546,,,male
44,25.6369915,1218,2470,41.16666667,male
44,22.14966202,1350,2700,45,male
44,23.49176788,,2410,40.16666667,male
44,23.5923233,1196,,,male
44,22.79490089,1423,2959,49.31666667,male
44,24.20903206,,2348,39.13333333,male
44,21.5213356,1484,,,male
44,25.20478821,1364,2874,47.9,male
44,26.09427834,1364.5,,,male
44,26.73796654,,3720,62,male
44,25.16514397,1541,,,male
44,27.9035244,1287,2537,42.28333333,male
44,21.9292717,,2166,36.1,male
44,23.84960938,,2480,41.33333333,male
44,24.44100571,,2030,33.83333333,male
44,31.93503761,1644,3499,58.31666667,male
45,21.97979736,1130,,,male
45,27.5420742,1530,3120,52,male
45,25.68033028,1430,,,male
45,21.38588142,1025,,,male
45,24.30183029,1367,2815,46.91666667,male
45,25.24751663,1226,,,male
45,24.55106735,,2497,41.61666667,male
45,25.21212006,,3040,50.66666667,male
45,25.93618584,1260,2580,43,male
45,26.44170189,1629,3277,54.61666667,male
45,25.81369209,1412,,,male
45,25.96857071,,3390,56.5,male
45,28.55020332,1609,,,male
45,23.87511635,,2565,42.75,male
45,30.70676613,1770,,,male
45,23.2189579,1175,,,male
45,21.640728,1142,2519,41.98333333,male
45,24.27201653,,2690,44.83333333,male
45,21.32435608,1187,2520,42,male
45,23.80480194,,2582,43.03333333,male
45,22.76068687,1042,2177,36.28333333,male
45,21.5213356,,2301,38.35,male
45,22.14966202,1120,,,male
45,26.6554451,,3240,54,male
45,22.24534607,1312,,,male
45,22.36208534,,2520,42,male
45,26.41929436,1740,,,male
45,33.81566238,1707,,,male
45,29.18069839,1413,,,male
45,28.2003727,1320,,,male
45,27.21805,1148,,,male
45,27.79797935,1520,3383,56.38333333,male
45,23.84960938,1980,,,male
45,21.0636425,,2380,39.66666667,male
45,25.51029968,1815,3612,60.2,male
45,25.23191071,1395,,,male
45,24.17159081,1424,2971,49.51666667,male
45,20.91937065,1027,,,male
46,25.21212006,,2820,47,male
46,19.47665596,1042,2214,36.9,male
46,23.74768066,1258,,,male
46,25.96857071,,2385,39.75,male
46,22.17678452,,2497,41.61666667,male
46,21.22448921,1257,2730,45.5,male
46,21.22448921,1009,,,male
46,21.04377174,,2396,39.93333333,male
46,24.69135857,1480,,,male
46,26.7323513,1180,,,male
46,29.88360977,,3441,57.35,male
46,24.96845627,1320,,,male
46,27.03786278,1426,3026,50.43333333,male
46,32.07151031,2469,,,male
46,19.64085388,1013,,,male
46,30.29701996,,2700,45,male
46,23.64034653,1174,,,male
46,22.13324356,1025,,,male
46,22.01950264,898,,,male
47,23.20066833,1180,,,male
47,25.89813232,1248,,,male
47,29.56904411,1540,3350,55.83333333,male
47,24.9719429,1331,2997,49.95,male
47,21.38588142,1002,,,male
47,24.57002449,1139,,,male
47,35.4605217,,3241,54.01666667,male
47,28.13294601,,2970,49.5,male
47,22.16610718,1221,,,male
47,21.83592224,,2450,40.83333333,male
47,23.70931816,1318,,,male
47,22.84348106,1200,,,male
47,29.88360977,1830,3630,60.5,male
47,24.69135857,,2932,48.86666667,male
47,25.66305733,1198,,,male
47,25.23407936,1159,,,male
47,25.24751663,1050,,,male
47,24.55106735,,3103,51.71666667,male
47,24.48979568,1203,,,male
47,24.70283508,1069,2341,39.01666667,male
47,22.51829529,1432,,,male
47,24.55106735,,2504,41.73333333,male
47,24.09060478,1250,,,male
48,25.24778557,1220,2441,40.68333333,male
48,24.95965385,1073,,,male
48,21.87164688,1281,2904,48.4,male
48,26.7320137,1390,3107,51.78333333,male
48,27.4961338,,2646,44.1,male
48,27.4938736,1318,,,male
48,20.75451279,1155,,,male
48,20.20202065,,2078,34.63333333,male
48,28.05836296,1632,,,male
48,27.4961338,,3600,60,male
48,25.53605843,1371,2896,48.26666667,male
48,25.67717934,1710,,,male
49,24.13549423,,2363,39.38333333,male
49,23.37423897,,3326,55.43333333,male
49,23.66060638,,2581,43.01666667,male
49,26.27408218,1235,,,male
49,36.46060944,2055,,,male
49,24.48979568,,3180,53,male
49,24.04452515,1290,2907,48.45,male
49,23.45083618,,2555,42.58333333,male
49,23.84960938,1194,,,male
49,23.27272797,,3405,56.75,male
49,20.62209892,1381,,,male
49,27.45825768,1385,2954,49.23333333,male
49,25.95398712,1447,,,male
49,22.13814735,1210,2600,43.33333333,male
49,24.1929512,1758,3900,65,male
49,23.90596962,1050,2130,35.5,male
49,22.26345062,1238,2714,45.23333333,male
49,23.47361565,1430,3520,58.66666667,male
50,22.51829529,1218,,,male
50,24.13549423,,3480,58,male
50,22.16610718,1322,,,male
50,24.52615929,1190,2610,43.5,male
50,23.00573349,,2358,39.3,male
50,24.44100571,1189,,,male
50,23.84960938,1440,3480,58,male
50,25.97402573,1260,2580,43,male
50,22.9631958,1346,3009,50.15,male
50,24.95897293,,2661,44.35,male
50,25.96857071,1349,2888,48.13333333,male
50,22.60793114,,2472,41.2,male
50,23.14814949,1264,2624,43.73333333,male
50,24.37873268,1610,,,male
50,22.14966202,1250,2591,43.18333333,male
50,25.04382706,1157,,,male
50,27.45825768,,2880,48,male
51,23.84960938,1240,,,male
51,24.43181801,,2565,42.75,male
51,23.90596962,1480,,,male
51,26.56771851,,2890,48.16666667,male
51,21.88552284,1195,2490,41.5,male
51,31.84507942,1489,,,male
51,26.7320137,1620,3285,54.75,male
51,23.45083618,,2490,41.5,male
51,21.74523163,1113,,,male
51,19.39039803,1206,,,male
51,26.12132645,,2701,45.01666667,male
51,27.2949028,1680,,,male
51,23.03664017,1280,2510,41.83333333,male
51,27.35690308,1340,2815,46.91666667,male
52,23.65378189,1310,2626,43.76666667,male
52,22.28657722,,3489,58.15,male
52,26.42340279,1547,,,male
52,23.08344269,1240,,,male
52,24.78786659,1980,,,male
52,21.24975014,1462,,,male
52,25.95398712,1263,,,male
52,23.80480194,1309,,,male
52,22.14966202,1175,,,male
52,26.16460609,1435,2960,49.33333333,male
52,23.14814949,1140,,,male
53,22.13324356,1529,,,male
53,22.41249084,1289,2694,44.9,male
53,23.37171364,1240,,,male
53,24.85795403,,2818,46.96666667,male
53,20.77485466,1396,,,male
53,26.40168762,2160,4320,72,male
53,22.68170738,,2482,41.36666667,male
53,22.30639839,1143,2496,41.6,male
53,25.67717934,1307,,,male
53,29.09720039,1547,3191,53.18333333,male
53,23.37423897,1318,,,male
53,25.89813232,1345,,,male
53,23.00556564,,2475,41.25,male
53,23.16774559,1050,,,male
53,21.5213356,1166,,,male
53,24.30183029,1289,2692,44.86666667,male
54,28.2003727,1560,,,male
54,21.38588142,1620,,,male
54,26.73796654,1323,,,male
54,21.2900238,1041,,,male
54,24.30183029,1442,3001,50.01666667,male
54,25.5287571,1609,,,male
54,26.40168762,1560,3360,56,male
54,20.91937065,,2880,48,male
54,23.00556564,1121,2318,38.63333333,male
54,23.56902504,1290,,,male
54,25.96887398,,2857,47.61666667,male
55,23.52446938,1332,,,male
55,24.0420742,,2560,42.66666667,male
55,24.1301918,1290,,,male
55,21.3521862,1168,2496,41.6,male
55,20.25152397,1054,,,male
55,22.51829529,,2585,43.08333333,male
55,20.42828369,1357,,,male
55,22.72727203,,2820,47,male
55,22.51829529,1230,,,male
55,20.58569527,1157,2771,46.18333333,male
55,22.26345062,,2890,48.16666667,male
55,22.70872116,1110,,,male
55,25.11189079,1319,,,male
55,26.7323513,,2779,46.31666667,male
56,23.52446938,,2548,42.46666667,male
56,22.41187286,,2345,39.08333333,male
56,28.65964699,1920,4200,70,male
56,26.50505066,,2889,48.15,male
56,27.95440102,1698,,,male
56,23.01414108,1155,,,male
56,24.48979568,,3330,55.5,male
56,25.95398712,,3100,51.66666667,male
56,25.47970772,1230,,,male
56,32.07151031,,3580,59.66666667,male
56,20.57555008,1080,2261,37.68333333,male
56,24.48979568,,3096,51.6,male
56,25.25252724,1380,2160,36,male
56,25.04382706,,3210,53.5,male
56.5,24.55300903,1243,2732,45.53333333,male
57,24.44100571,1200,2700,45,male
57,27.35690308,1620,3540,59,male
57,24.38188744,,4800,80,male
57,22.79490089,1381,2876,47.93333333,male
57,25.95398712,1320,,,male
58,23.49176788,1304,2819,46.98333333,male
58,24.15598869,1226,2524,42.06666667,male
58,21.3521862,,2144,35.73333333,male
58,25.16514397,1207,,,male
58,21.04377174,1090,,,male
58,28.85430336,2340,,,male
58,21.74523163,1208,,,male
58,25.23407936,,3420,57,male
58,26.4293766,1330,,,male
58,29.74965096,,4260,71,male
58,23.82998085,1172,2387,39.78333333,male
59,23.24191475,1390,,,male
59,24.1929512,1410,,,male
59,24.78664017,1477,,,male
59,27.21429443,,3321,55.35,male
59,22.14966202,1389,2948,49.13333333,male
60,22.66431808,2140,3551,59.18333333,male
60,28.05836296,1930,4150,69.16666667,male
60,32.40740967,2040,,,male
60,27.55586243,,3600,60,male
60,24.55106735,1698,3419,56.98333333,male
60,24.17527199,,3550,59.16666667,male
60,24.37873268,1121,,,male
60,23.87511635,,2769,46.15,male
60,22.44668961,,2541,42.35,male
61,23.94003868,1470,,,male
61,23.4375,1395,2992,49.86666667,male
61,25.20478821,,3066,51.1,male
61,30.16274071,,4020,67,male
61,22.91344261,1375,2880,48,male
61,23.74768066,1253,,,male
61,24.52615929,1643,3573,59.55,male
62,23.24191475,,3972,66.2,male
62,24.23761749,1308,2733,45.55,male
62,23.58257103,1500,,,male
62,23.70467758,1210,2515,41.91666667,male
63,27.41159058,1620,3240,54,male
63,27.6816597,,3600,60,male
63,21.74523163,1714,,,male
64,27.03786278,,2898,48.3,male
64,24.22145271,1300,,,male
64,24.37873268,,2728,45.46666667,male
64,23.37423897,1790,,,male
64,27.45825768,1590,3568,59.46666667,male
64,23.84960938,1465,,,male
64,29.68460083,1511,3910,65.16666667,male
65,22.30241966,1223,,,male
65,24.56541252,1772,3787,63.11666667,male
65,24.56541252,,3787,63.11666667,male
65,24.61538506,1612,,,male
65,23.90688896,2220,3286,54.76666667,male
65,33.18244934,1751,3570,59.5,male
66,23.29388237,2045,,,male
66,20.76318932,1446,,,male
66,21.5213356,1235,2526,42.1,male
67,28.05836296,,4500,75,male
67,26.71614075,1923,3639,60.65,male
67,25.02160454,1375,,,male
67,21.54762268,1690,3492,58.2,male
67,22.50635719,,3242,54.03333333,male
68,26.27408218,1441,,,male
70,24.30183029,1591,,,male
70,26.42340279,,3480,58,male
74,21.640728,1980,4200,70,male
16,20.81165504,1086,,,female
17,19.20026779,1275,,,female
18,20.20201874,1169,2778,46.3,female
18,20.24406624,1548,,,female
20,20.38228798,1460,,,female
20,20.03506279,1201,2640,44,female
20,23.64960861,1875,3691,61.51666667,female
21,20.71779442,1620,3746,62.43333333,female
21,22.89402771,1304,,,female
21,18.28835106,,3350,55.83333333,female
22,30.18465805,1837,,,female
22,31.45643044,1920,,,female
22,21.98859215,1564,3154,52.56666667,female
22,24.18745041,1478,,,female
22,22.3776226,1947,4020,67,female
22,21.87164688,,2628,43.8,female
23,24.20903206,2040,,,female
23,20.65626717,1608,3171,52.85,female
23,22.19460106,1285,,,female
23,22.13603401,1600,3594,59.9,female
23,21.484375,,3554,59.23333333,female
23,19.17613602,1350,,,female
23,20.86985588,1690,,,female
23,20.41903305,,3414,56.9,female
23,20.81165504,1326,,,female
23,15.42838573,1009,,,female
23,22.3776226,1330,,,female
23,23.12047768,1201,,,female
23,20.44668007,1530,,,female
23,23.97016907,1393,,,female
23,21.51694489,1171,,,female
24,21.86121559,,2620,43.66666667,female
24,20.19801331,1635,3562,59.36666667,female
24,22.17183113,2297,4926,82.1,female
24,20.31199646,1424,3268,54.46666667,female
24,24.73716545,2029,,,female
24,21.38588142,1143,2301,38.35,female
24,21.06158638,1037,,,female
24,21.30414772,1583,3185,53.08333333,female
24,21.70493698,,2625,43.75,female
24,25.65335846,1872,,,female
24,21.75764084,1354,,,female
24,20.81165504,,3394,56.56666667,female
24,21.51694489,1303,,,female
24,19.50298691,1626,3972,66.2,female
24,22.3776226,,3017,50.28333333,female
24,21.30681801,1268,,,female
24,21.98859215,,3202,53.36666667,female
24,25.24751663,2115,,,female
24,22.90478325,1680,,,female
25,23.83127403,1648,3277,54.61666667,female
25,19.70114517,1609,,,female
25,23.82097435,,3192,53.2,female
25,22.19460106,1236,,,female
25,21.70465088,,3665,61.08333333,female
25,23.64960861,1240,,,female
25,26.7320137,1621,,,female
25,21.62211609,,2798,46.63333333,female
25,24.95965385,1478,,,female
25,20.81165504,,3294,54.9,female
25,23.08238602,1130,,,female
25,21.87161064,1525,3356,55.93333333,female
25,24.20903206,1308,,,female
25,23.37423897,1100,,,female
25,23.06616592,1778,,,female
25,22.01950264,1312,,,female
25,22.80591202,1680,,,female
25,20.20201874,1226,,,female
25,30.9844017,2537,,,female
26,29.00018501,1490,,,female
26,22.13603401,,2772,46.2,female
26,25.16318321,,2698,44.96666667,female
26,23.97016907,1644,3349,55.81666667,female
26,20.95170403,1340,,,female
26,21.17267418,1524,,,female
26,22.89402771,1532,,,female
26,25.92195129,2130,,,female
26,24.69330025,1785,3900,65,female
26,22.53944397,1690,,,female
26,25.04382706,2106,4526,75.43333333,female
26,20.25152397,1710,4800,80,female
26,22.35768318,1751,3541,59.01666667,female
26,19.86567116,1026,,,female
26,19.62345314,1240,2660,44.33333333,female
26,25.25252533,1582,,,female
26,20.05374146,1680,,,female
26,22.19460106,1813,,,female
26,19.44146538,,3047,50.78333333,female
26,23.04032135,1335,2642,44.03333333,female
26,22.14966202,1980,,,female
26,42.42424011,2103,,,female
26,24.09897804,1622,,,female
26,21.07240105,1320,,,female
26,22.03728104,,2730,45.5,female
26,24.48979568,,3525,58.75,female
26,25.37774658,1398,2833,47.21666667,female
26,23.74960518,1869,,,female
26,22.54971504,1227,,,female
27,24.20903206,1660,,,female
27,28.76840973,1990,3930,65.5,female
27,18.07423401,1490,,,female
27,20.15620995,1335,,,female
27,22.3776226,,2576,42.93333333,female
27,22.80591202,1980,,,female
27,21.89049911,1482,3405,56.75,female
27,18.91262627,1188,2395,39.91666667,female
27,25.04382706,1649,,,female
27,24.85795403,1434,,,female
27,22.84372139,1457,,,female
27,20.20201874,,2700,45,female
27,23.37423897,1568,3475,57.91666667,female
27,20.77414703,1142,,,female
27,22.3776226,1462,,,female
27,20.89957428,1498,2766,46.1,female
27,24.95965385,1530,,,female
27,25.65335846,1740,3660,61,female
27,23.67722511,1295,,,female
27,19.92143822,1634,,,female
27,22.20552635,1492,,,female
27,20.3689785,,3300,55,female
27,31.33895493,,4115,68.58333333,female
27,24.30183029,1335,,,female
27,20.20201874,,3130,52.16666667,female
27,25.04382706,1648,,,female
27,23.81579399,1387,,,female
27,24.54295158,2017,,,female
27,24.6258564,,4080,68,female
27,27.5420742,,3691,61.51666667,female
27,20.65626717,1169,,,female
27,21.86121559,1569,3261,54.35,female
27,21.30681801,1721,,,female
27,22.19460106,,3150,52.5,female
27,20.3689785,1380,,,female
27,22.0385685,1275,,,female
28,18.99857903,1486,,,female
28,34.2265625,3679,7085,118.0833333,female
28,18.87998581,,3496,58.26666667,female
28,29.82954597,2527,5498,91.63333333,female
28,20.41903305,1530,,,female
28,23.5923233,1245,,,female
28,20.24406624,1329,2812,46.86666667,female
28,22.89282227,,2625,43.75,female
28,23.74768066,2298,,,female
28,21.62211609,1180,,,female
28,26.1091671,1754,3493,58.21666667,female
28,21.17267418,1500,,,female
28,22.79490089,1454,,,female
28,19.86567116,1625,,,female
28,20.77414703,,2401,40.01666667,female
28,19.92750168,1105,2365,39.41666667,female
28,22.19460106,1401,2892,48.2,female
28,24.37873268,,4320,72,female
28,20.91324425,1163,,,female
28,20.75071716,1685,,,female
28,20.77922058,,2343,39.05,female
28,31.25,1737,3364,56.06666667,female
28,29.296875,1951,,,female
28,22.3776226,1350,,,female
28,18.82102203,1297,,,female
28,22.20552635,1800,,,female
28,22.3776226,1146,,,female
28,23.74768066,1793,3774,62.9,female
28,22.35768318,1144,,,female
28,22.70640373,1860,3300,55,female
28,20.86985588,,2989,49.81666667,female
28,22.68170738,1176,,,female
29,24.37873268,1650,,,female
29,25.54157829,1485,3120,52,female
29,20.81165504,,3090,51.5,female
29,24.20903206,1661,,,female
29,17.86459732,1247,,,female
29,22.22222137,,3530,58.83333333,female
29,19.44341469,1470,3300,55,female
29,24.0420742,1749,3246,54.1,female
29,21.17267418,1460,3011,50.18333333,female
29,20.25152397,1175,,,female
29,21.87164688,1860,,,female
29,25.04382706,1684,,,female
29,20.522686,1220,,,female
29,32.44484711,2460,5400,90,female
29,26.1091671,1696,3859,64.31666667,female
29,24.73716545,1601,,,female
29,22.20552635,,3230,53.83333333,female
29,27.1192646,1620,,,female
29,21.87164688,1658,,,female
29,20.60606003,,2700,45,female
29,18.63140297,1210,,,female
29,26.63352203,1865,3720,62,female
29,27.19741821,1660,,,female
29,22.70362473,1749,3056,50.93333333,female
29,21.43887711,,3240,54,female
29,25.79427338,1670,,,female
29,27.4961338,,3540,59,female
29,25.74573708,2025,,,female
29,23.23830032,1361,2836,47.26666667,female
29,20.41903305,1320,,,female
29,21.62211609,1684,,,female
29,21.43887711,1423,2949,49.15,female
29,21.70493698,,3305,55.08333333,female
29,23.82097435,1130,,,female
29,24.20903206,,2896,48.26666667,female
29,24.85795403,1594,3720,62,female
29,23.84500694,1565,,,female
29,22.70362473,1403,,,female
29,21.38588142,1660,3580,59.66666667,female
29,23.97016907,1740,,,female
29,23.46041107,1440,2967,49.45,female
30,25.74573708,1896,,,female
30,21.30681801,1364,2935,48.91666667,female
30,32.05609894,2230,4561,76.01666667,female
30,46.90821457,1701,,,female
30,21.30681801,,2972,49.53333333,female
30,21.86121559,,3472,57.86666667,female
30,20.13211632,,2922,48.7,female
30,21.38588142,2100,3720,62,female
30,21.53769112,,2595,43.25,female
30,25.95155525,1875,,,female
30,21.75764084,,3581,59.68333333,female
30,23.64960861,,3368,56.13333333,female
30,24.37873268,1487,,,female
30,34.2265625,2109,,,female
30,23.45410728,1562,,,female
30,26.21254158,,3871,64.51666667,female
30,20.522686,,2973,49.55,female
30,32.05609894,2277,,,female
30,20.41903305,1320,,,female
30,22.01950264,,3308,55.13333333,female
30,18.32382584,1680,,,female
30,24.24242401,1116,,,female
30,26.63352203,1955,,,female
30,24.09897804,1448,,,female
30,21.69922447,1067,2169,36.15,female
30,25.92195129,1648,3484,58.06666667,female
30,26.98863602,1794,4448,74.13333333,female
30,23.23830032,1592,,,female
30,21.38588142,,3153,52.55,female
30,21.53769112,1459,,,female
30,21.25563812,1230,,,female
30,24.44324875,1737,,,female
30,19.70114517,1278,2664,44.4,female
30,23.49176788,,3259,54.31666667,female
30,21.5213356,1808,,,female
30,18.91968727,1565,3420,57,female
30,20.41903305,,2500,41.66666667,female
30,21.37924576,1267,,,female
31,25.25252533,,2955,49.25,female
31,19.97297096,1451,,,female
31,21.30681801,1234,,,female
31,22.62626266,1414,,,female
31,25.87862206,,3100,51.66666667,female
31,22.58698082,,3239,53.98333333,female
31,23.80480194,1418,2954,49.23333333,female
31,21.81818199,1447,,,female
31,23.87511635,2122,4942,82.36666667,female
31,20.65626717,1338,,,female
31,23.00573349,1296,,,female
31,26.26262665,1513,2914,48.56666667,female
31,26.71341515,1638,3855,64.25,female
31,20.86985588,1185,,,female
31,21.38588142,1454,,,female
31,22.0385685,1327,,,female
31,21.07240105,,3024,50.4,female
31,20.15620995,1150,,,female
31,24.85058212,1500,,,female
31,22.26345062,1400,3120,52,female
31,47.18464661,1801,4548,75.8,female
31,23.84500694,1980,3902,65.03333333,female
31,24.52615929,1371,,,female
31,21.38923454,1162,,,female
31,24.5955925,1769,,,female
31,22.80591202,1440,,,female
31,27.3800621,1943,,,female
31,18.32382584,,3333,55.55,female
31,23.80480194,2400,,,female
31,20.3689785,1468,,,female
31,20.55720139,,2550,42.5,female
31,24.20903206,1680,3780,63,female
31,23.00573349,1207,,,female
31,23.79261398,2309,,,female
31,25.74573708,,3030,50.5,female
31,21.03681564,1223,,,female
31,21.07240105,1282,,,female
31,25.16318321,1943,,,female
31,23.49176788,,3240,54,female
31,22.68170738,,2406,40.1,female
31,22.47685242,,2872,47.86666667,female
31,25.71166229,1675,3455,57.58333333,female
31,18.69939232,1386,2881,48.01666667,female
31,22.01950264,1620,,,female
31,26.93602562,,2780,46.33333333,female
31,19.53125,1410,,,female
31,25.95398712,1455,,,female
31,19.29808044,1135,2382,39.7,female
31,23.04032135,1590,,,female
31,23.97016907,1740,4200,70,female
32,21.70493698,,3300,55,female
32,22.72727203,,2591,43.18333333,female
32,24.20903206,2122,4622,77.03333333,female
32,25.74573708,1605,,,female
32,22.2054863,1245,,,female
32,21.21212006,1365,,,female
32,21.38588142,1697,,,female
32,21.484375,1927,6362,106.0333333,female
32,20.86985588,1151,,,female
32,23.08238602,1839,,,female
32,21.12926102,2336,,,female
32,19.44146538,1710,3728,62.13333333,female
32,21.87164688,1574,,,female
32,21.87164688,,3480,58,female
32,24.53601456,1695,,,female
32,20.44668007,1534,,,female
32,24.43136024,1676,,,female
32,24.73716545,2100,,,female
32,20.10368919,1530,,,female
32,21.23309135,1383,3026,50.43333333,female
32,22.68170738,1620,,,female
32,29.21779823,1572,,,female
32,23.00556564,1828,,,female
32,26.20307159,,3092,51.53333333,female
32,23.45410728,1650,,,female
32,24.85795403,1361,,,female
32,23.23830032,1630,,,female
32,17.75568008,1154,,,female
32,21.37073326,1286,,,female
32,22.3776226,,2634,43.9,female
32,19.15548325,1542,2820,47,female
32,24.13981819,,4402,73.36666667,female
32,25.04382706,1657,3420,57,female
32,24.5955925,,2530,42.16666667,female
32,31.45643044,2244,3913,65.21666667,female
32,24.09897804,1848,3957,65.95,female
32,21.484375,1984,3937,65.61666667,female
32,20.31199646,,3300,55,female
32,21.87164688,,3000,50,female
33,26.21254158,,4018,66.96666667,female
33,21.30681801,1110,2240,37.33333333,female
33,26.48756218,,4030,67.16666667,female
33,26.56954765,,3636,60.6,female
33,23.67722511,,2642,44.03333333,female
33,25.10364342,1667,,,female
33,25.16514397,,2998,49.96666667,female
33,26.63352203,2185,,,female
33,23.04032135,1516,,,female
33,31.05434608,2115,,,female
33,24.50284004,1470,,,female
33,20.24147606,1568,,,female
33,29.77944946,1870,3900,65,female
33,25.92195129,1734,,,female
33,23.37423897,1549,,,female
33,21.12926102,1788,,,female
33,24.24242401,2709,5257,87.61666667,female
33,21.06158638,,2545,42.41666667,female
33,21.70465088,,3360,56,female
33,22.72189331,,3325,55.41666667,female
33,26.66666603,1652,,,female
33,21.75764084,1323,2727,45.45,female
33,28.2003727,,4526,75.43333333,female
33,20.81165504,1045,2219,36.98333333,female
33,30.18465805,1809,3810,63.5,female
33,20.89957428,1246,2487,41.45,female
33,25.16514397,1557,,,female
33,23.08238602,1393,3173,52.88333333,female
33,20.48413086,,2720,45.33333333,female
33,22.08595085,1338,2960,49.33333333,female
33,21.07240105,1078,,,female
33,21.5213356,1680,3420,57,female
33,21.640728,1333,,,female
33,22.68170738,1650,,,female
33,24.20903206,,4140,69,female
33,20.25152397,1490,,,female
33,26.29836655,1604,4200,70,female
33,21.51694489,1188,,,female
33,22.72154427,,3267,54.45,female
33,23.49176788,1360,,,female
34,22.19460106,1653,3439,57.31666667,female
34,18.36547279,1096,,,female
34,21.74523163,1360,,,female
34,20.06391907,,3420,57,female
34,23.37423897,,2570,42.83333333,female
34,20.73756218,1360,,,female
34,20.70289803,,3577,59.61666667,female
34,24.5955925,,3660,61,female
34,23.97780609,1647,,,female
34,24.50284004,1370,,,female
34,22.72727203,1560,,,female
34,25.74573708,,3660,61,female
34,23.08238602,1315,,,female
34,23.80480194,,3080,51.33333333,female
34,23.58257103,1603,,,female
34,20.91324425,1277,,,female
34,20.70289803,1213,,,female
34,26.6810112,2040,3364,56.06666667,female
34,29.32920837,,4687,78.11666667,female
34,24.84848595,1892,3960,66,female
34,28.31078911,2193,,,female
34,21.70465088,1360,,,female
34,29.26304436,,4562,76.03333333,female
34,19.85831833,1402,,,female
34,22.91344261,,4044,67.4,female
34,22.3776226,,3240,54,female
34,31.27214241,2520,,,female
34,24.14772606,2010,3750,62.5,female
34,28.94712257,2063,,,female
34,21.87164688,,2640,44,female
34,21.51694489,1879,4310,71.83333333,female
34,20.89263725,1253,,,female
34,23.67722511,,3592,59.86666667,female
35,22.19460106,1336,,,female
35,23.64960861,1342,2815,46.91666667,female
35,23.64960861,1483,,,female
35,20.86985588,1499,,,female
35,22.3776226,1422,3136,52.26666667,female
35,24.37873268,,3699,61.65,female
35,19.07708359,1333,,,female
35,21.70465088,,2690,44.83333333,female
35,22.01950264,1590,,,female
35,23.00556564,,3997,66.61666667,female
35,22.87336349,1416,2990,49.83333333,female
35,20.24406624,1580,,,female
35,24.18745041,,3401,56.68333333,female
35,35.00142288,3400,,,female
35,27.21805,2319,,,female
35,25.54157829,1620,,,female
35,20.13211632,1234,2538,42.3,female
35,23.23830032,1567,,,female
35,30.05259323,2575,,,female
35,21.38588142,1303,,,female
35,24.85795403,1585,,,female
35,25.16514397,1463,3122,52.03333333,female
35,24.09897804,1870,,,female
35,22.26345062,2134,4043,67.38333333,female
35,29.21779823,,3537,58.95,female
35,18.93491173,1350,2845,47.41666667,female
35,25.597929,1518,3565,59.41666667,female
35,25.65335846,1477,3260,54.33333333,female
35,23.23232269,1800,,,female
35,25.24751663,,2778,46.3,female
35,20.65626717,,2834,47.23333333,female
35,20.73756218,,2781,46.35,female
35,19.27918243,1183,,,female
35,23.37423897,,3660,61,female
35,19.96772385,,2744,45.73333333,female
35,18.84972191,,2400,40,female
35,22.70362473,1450,,,female
35,22.68170738,,3562,59.36666667,female
36,23.82097435,1665,,,female
36,24.73716545,1716,,,female
36,19.29499054,1352,,,female
36,23.23232269,1468,,,female
36,25.28688049,1980,,,female
36,20.57555008,1194,,,female
36,20.44668007,1317,,,female
36,23.27125931,1380,2929,48.81666667,female
36,27.54168892,,3720,62,female
36,27.99622345,2016,,,female
36,25.40861511,2115,4210,70.16666667,female
36,23.23830032,1437,,,female
36,21.06158638,1498,,,female
36,21.38588142,1620,,,female
36,23.81579399,1667,3915,65.25,female
36,21.87164688,1800,,,female
36,20.03506279,1407,,,female
36,20.03506279,1591,,,female
36,27.48573875,1680,3300,55,female
36,20.86985588,1642,,,female
36,20.03506279,,2880,48,female
36,21.51694489,,2340,39,female
36,22.14966202,1275,,,female
36,21.07240105,1530,3227,53.78333333,female
37,22.54975891,1879,4050,67.5,female
37,26.01983452,1617,,,female
37,22.49134827,1625,,,female
37,23.27125931,1267,,,female
37,26.27840805,1563,,,female
37,24.37873268,1616,,,female
37,22.19460106,1467,,,female
37,23.74960518,,2827,47.11666667,female
37,19.24729347,,4740,79,female
37,20.86985588,,3300,55,female
37,25.92195129,2160,,,female
37,24.32528305,2012,4042,67.36666667,female
37,23.00556564,1540,,,female
37,23.46041107,1589,,,female
37,28.19033432,,3760,62.66666667,female
37,22.90478325,1400,3010,50.16666667,female
37,22.90478325,1172,,,female
37,28.05836296,1621,,,female
37,18.24637032,1104,2267,37.78333333,female
37,26.83450317,2354,4380,73,female
38,24.44100571,2180,,,female
38,19.70556259,1427,,,female
38,24.61257362,1530,,,female
38,25.82033348,1760,3868,64.46666667,female
38,21.87164688,1753,,,female
38,24.09897804,1729,,,female
38,28.37952995,1760,,,female
38,28.31078911,,6300,105,female
38,20.86985588,1295,2698,44.96666667,female
38,20.03506279,1175,,,female
38,23.82097435,1755,,,female
38,21.70465088,1220,,,female
38,25.79951668,,4999,83.31666667,female
38,28.81798363,1497,,,female
38,22.01950264,,2824,47.06666667,female
38,23.37423897,,3045,50.75,female
38,20.45331764,1337,,,female
38,24.37873268,,3283,54.71666667,female
38,21.23309135,1530,,,female
38,19.48727608,1501,3235,53.91666667,female
38,33.38068008,2167,4507,75.11666667,female
38,28.31078911,1402,2790,46.5,female
38,17.13261223,1421,,,female
38,33.73579407,1554,,,female
38,20.77922058,1540,,,female
38,24.82368469,1789,3558,59.3,female
38,24.85058212,,2835,47.25,female
38,22.72189331,1405,2752,45.86666667,female
38,22.53944397,1590,,,female
38,19.24001694,,2850,47.5,female
39,24.85795403,,2657,44.28333333,female
39,22.3776226,1741,4260,71,female
39,19.66026878,1444,2913,48.55,female
39,21.34480858,1578,,,female
39,21.66193008,,2773,46.21666667,female
39,24.20903206,1572,3205,53.41666667,female
39,29.16219711,2054,,,female
39,26.6810112,2127,4500,75,female
39,21.70493698,1614,,,female
39,31.84507942,1799,4424,73.73333333,female
39,23.61505508,1535,3183,53.05,female
39,22.0385685,,3686,61.43333333,female
39,26.7320137,1678,,,female
39,21.86121559,1347,,,female
39,30.49033737,1986,4083,68.05,female
40,22.91344261,,2710,45.16666667,female
40,21.38588142,1630,,,female
40,25.04382706,,4140,69,female
40,20.62209892,,2684,44.73333333,female
40,21.62211609,1380,3120,52,female
40,19.66026878,1753,,,female
40,20.0548687,,2970,49.5,female
40,19.79558945,,2805,46.75,female
40,21.07240105,1400,,,female
40,17.21355438,1382,,,female
41,23.16774559,1596,3447,57.45,female
41,25.16514397,1673,3198,53.3,female
41,29.296875,2220,4128,68.8,female
41,22.90478325,1382,,,female
41,22.19460106,,3386,56.43333333,female
41,20.03506279,1285,,,female
41,19.29499054,,2792,46.53333333,female
41,25.97402573,1812,,,female
41,22.3776226,1558,,,female
41,22.91344261,1378,,,female
41,18.91968727,1390,,,female
41,28.34037781,1860,,,female
41,23.61505508,,3983,66.38333333,female
41,30.27149963,2083,4814,80.23333333,female
42,20.41903305,1520,,,female
42,22.03365898,1251,,,female
42,24.70990944,1708,,,female
42,21.86121559,1332,2745,45.75,female
42,24.18745041,1630,3442,57.36666667,female
42,23.00573349,1274,2548,42.46666667,female
42,25.65335846,2292,4440,74,female
42,21.98859215,1535,3256,54.26666667,female
42,31.72218323,1990,,,female
42,19.47665596,,3240,54,female
42,24.61538506,1622,,,female
42,30.10100937,1768,3853,64.21666667,female
42,26.74664688,1505,,,female
42,26.74664688,1505,,,female
43,20.29381943,1514,2878,47.96666667,female
43,21.51694489,,4080,68,female
43,24.94987869,1560,,,female
43,22.72727203,,3109,51.81666667,female
43,20.73756218,1303,2752,45.86666667,female
43,24.55106735,1880,,,female
43,21.49959755,1426,,,female
43,23.97016907,1666,3764,62.73333333,female
43,23.5923233,1680,3420,57,female
43,21.43887711,1385,2782,46.36666667,female
43,21.07240105,1658,3482,58.03333333,female
43,23.75470734,1749,3334,55.56666667,female
43,22.68170738,1794,3780,63,female
43,25.4359169,1623,,,female
44,23.23830032,1628,3366,56.1,female
44,20.86985588,,3060,51,female
44,20.86985588,1462,,,female
44,21.69139481,1336,,,female
44,21.43887711,1361,,,female
44,22.20382309,1330,3051,50.85,female
44,25.96887398,1692,,,female
44,20.03506279,1457,,,female
44,26.98863602,1892,,,female
44,21.68908119,,3287,54.78333333,female
44,18.87354088,,2261,37.68333333,female
44,23.87511635,1454,2654,44.23333333,female
44,37.06486511,2014,,,female
44,22.90478325,1664,3537,58.95,female
45,23.08238602,1535,3259,54.31666667,female
45,25.54157829,,3490,58.16666667,female
45,21.94683647,1392,,,female
45,19.79558945,1244,,,female
45,27.54168892,1937,,,female
45,21.87164688,1708,3729,62.15,female
45,42.08754349,3240,,,female
45,20.9185257,,3014,50.23333333,female
45,22.3776226,1773,,,female
45,22.68170738,1916,,,female
45,20.32689285,1495,,,female
45,20.9276123,1590,3060,51,female
45,33.36734009,2146,4646,77.43333333,female
46,23.12047768,1556,,,female
46,20.31199646,1415,,,female
46,30.42671585,2344,5486,91.43333333,female
46,20.86985588,1440,,,female
46,18.63626671,1248,2620,43.66666667,female
46,21.5684433,1351,,,female
46,21.37924576,1420,3249,54.15,female
46,31.07244301,2163,4147,69.11666667,female
46,20.65626717,1240,,,female
46,34.39236832,1327,,,female
46,21.23309135,1860,4283,71.38333333,female
46,22.01704407,1560,,,female
46,25.05050468,1485,,,female
46,20.41903305,1287,,,female
47,25.04382706,1454,4080,68,female
47,18.32382584,1427,,,female
47,28.04908752,1712,3565,59.41666667,female
47,22.53944397,1525,,,female
47,21.06158638,1678,3814,63.56666667,female
47,32.38358688,,4200,70,female
47,23.74960518,1644,3585,59.75,female
47,18.939394,1740,3360,56,female
47,24.37068939,2165,,,female
47,21.19005013,,3266,54.43333333,female
47,25.66305733,1888,,,female
48,26.63352203,,3404,56.73333333,female
48,20.41903305,1237,,,female
48,23.08238602,1803,,,female
48,25.92195129,1894,,,female
48,21.83948898,1503,,,female
48,24.50284004,1380,,,female
48,19.17613602,1240,2635,43.91666667,female
48,26.1091671,1862,,,female
48,20.25152397,1560,,,female
49,20.522686,1285,,,female
49,19.53418541,1350,,,female
49,22.68170738,1764,,,female
49,22.3776226,,2588,43.13333333,female
50,25.08859825,1638,,,female
50,25.74573708,1647,3298,54.96666667,female
51,22.20552635,,3290,54.83333333,female
51,17.56697464,1282,,,female
51,22.53944397,1732,,,female
51,19.53125,,3067,51.11666667,female
51,22.37215805,1544,3115,51.91666667,female
51,23.49176788,,2841,47.35,female
51,25.74573708,1745,3430,57.16666667,female
51,18.95542717,1500,3085,51.41666667,female
51,32.36148453,2088,,,female
52,20.522686,1419,,,female
52,24.85795403,,3480,58,female
52,25.01771355,1740,3720,62,female
52,18.95542717,1741,,,female
52,21.03681564,1370,,,female
53,25.82033348,,3750,62.5,female
53,21.70465088,,3060,51,female
53,22.82828331,1815,,,female
54,20.44668007,,3074,51.23333333,female
54,19.27918243,,3275,54.58333333,female
54,24.21719933,1698,3623,60.38333333,female
54,22.33406639,,2895,48.25,female
54,29.26304436,1680,,,female
55,19.66026878,,2850,47.5,female
55,26.63352203,2426,4445,74.08333333,female
55,21.30681801,1323,,,female
56,22.51829529,1920,,,female
56,21.38588142,,4440,74,female
57,22.54971504,1400,,,female
57,20.77414703,1740,3660,61,female
57,35.36498642,2700,,,female
58,19.20026779,,3484,58.06666667,female
58,18.87385941,,3120,52,female
59,21.37924576,,3540,59,female
59,20.15620995,1274,,,female
60,19.53125,1665,3550,59.16666667,female
62,27.36312485,1956,4014,66.9,female
62,24.43136024,2280,,,female
63,21.03681564,,4140,69,female
67,23.2189579,1262,,,female