year,pop,lifeExp,gdpPercap,continent,country
1952,8425333.0,28.801,779.4453145,Asia,Afghanistan
1957,9240934.0,30.331999999999997,820.8530296,Asia,Afghanistan
1962,10267083.0,31.997,853.1007099999999,Asia,Afghanistan
1967,11537966.0,34.02,836.1971382,Asia,Afghanistan
1972,13079460.0,36.088,739.9811057999999,Asia,Afghanistan
1977,14880372.0,38.438,786.11336,Asia,Afghanistan
1982,12881816.0,39.854,978.0114388000001,Asia,Afghanistan
1987,13867957.0,40.821999999999996,852.3959447999999,Asia,Afghanistan
1992,16317921.0,41.674,649.3413952000001,Asia,Afghanistan
1997,22227415.0,41.763000000000005,635.341351,Asia,Afghanistan
2002,25268405.0,42.129,726.7340548,Asia,Afghanistan
2007,31889923.0,43.828,974.5803384,Asia,Afghanistan
1952,1282697.0,55.23,1601.056136,Europe,Albania
1957,1476505.0,59.28,1942.2842440000002,Europe,Albania
1962,1728137.0,64.82,2312.888958,Europe,Albania
1967,1984060.0,66.22,2760.196931,Europe,Albania
1972,2263554.0,67.69,3313.422188,Europe,Albania
1977,2509048.0,68.93,3533.0039100000004,Europe,Albania
1982,2780097.0,70.42,3630.880722,Europe,Albania
1987,3075321.0,72.0,3738.9327350000003,Europe,Albania
1992,3326498.0,71.581,2497.4379010000002,Europe,Albania
1997,3428038.0,72.95,3193.054604,Europe,Albania
2002,3508512.0,75.65100000000001,4604.211737,Europe,Albania
2007,3600523.0,76.423,5937.029525999999,Europe,Albania
1952,9279525.0,43.077,2449.008185,Africa,Algeria
1957,10270856.0,45.685,3013.976023,Africa,Algeria
1962,11000948.0,48.303000000000004,2550.81688,Africa,Algeria
1967,12760499.0,51.407,3246.991771,Africa,Algeria
1972,14760787.0,54.518,4182.663766,Africa,Algeria
1977,17152804.0,58.013999999999996,4910.4167560000005,Africa,Algeria
1982,20033753.0,61.368,5745.160213,Africa,Algeria
1987,23254956.0,65.79899999999999,5681.358539,Africa,Algeria
1992,26298373.0,67.744,5023.216647,Africa,Algeria
1997,29072015.0,69.152,4797.295051,Africa,Algeria
2002,31287142.0,70.994,5288.040382,Africa,Algeria
2007,33333216.0,72.301,6223.367465,Africa,Algeria
1952,4232095.0,30.015,3520.610273,Africa,Angola
1957,4561361.0,31.999000000000002,3827.9404649999997,Africa,Angola
1962,4826015.0,34.0,4269.276742,Africa,Angola
1967,5247469.0,35.985,5522.776375,Africa,Angola
1972,5894858.0,37.928000000000004,5473.288004999999,Africa,Angola
1977,6162675.0,39.483000000000004,3008.647355,Africa,Angola
1982,7016384.0,39.942,2756.953672,Africa,Angola
1987,7874230.0,39.906,2430.208311,Africa,Angola
1992,8735988.0,40.647,2627.8456850000002,Africa,Angola
1997,9875024.0,40.963,2277.140884,Africa,Angola
2002,10866106.0,41.003,2773.287312,Africa,Angola
2007,12420476.0,42.731,4797.231267,Africa,Angola
1952,17876956.0,62.485,5911.315053,Americas,Argentina
1957,19610538.0,64.399,6856.856212000001,Americas,Argentina
1962,21283783.0,65.142,7133.166023000001,Americas,Argentina
1967,22934225.0,65.634,8052.953020999999,Americas,Argentina
1972,24779799.0,67.065,9443.038526,Americas,Argentina
1977,26983828.0,68.48100000000001,10079.026740000001,Americas,Argentina
1982,29341374.0,69.942,8997.897412,Americas,Argentina
1987,31620918.0,70.774,9139.671389,Americas,Argentina
1992,33958947.0,71.868,9308.41871,Americas,Argentina
1997,36203463.0,73.275,10967.28195,Americas,Argentina
2002,38331121.0,74.34,8797.640716,Americas,Argentina
2007,40301927.0,75.32,12779.379640000001,Americas,Argentina
1952,8691212.0,69.12,10039.595640000001,Oceania,Australia
1957,9712569.0,70.33,10949.64959,Oceania,Australia
1962,10794968.0,70.93,12217.226859999999,Oceania,Australia
1967,11872264.0,71.1,14526.12465,Oceania,Australia
1972,13177000.0,71.93,16788.62948,Oceania,Australia
1977,14074100.0,73.49,18334.197509999998,Oceania,Australia
1982,15184200.0,74.74,19477.009280000002,Oceania,Australia
1987,16257249.0,76.32,21888.889030000002,Oceania,Australia
1992,17481977.0,77.56,23424.76683,Oceania,Australia
1997,18565243.0,78.83,26997.936569999998,Oceania,Australia
2002,19546792.0,80.37,30687.75473,Oceania,Australia
2007,20434176.0,81.235,34435.367439999995,Oceania,Australia
1952,6927772.0,66.8,6137.076492,Europe,Austria
1957,6965860.0,67.48,8842.59803,Europe,Austria
1962,7129864.0,69.54,10750.721109999999,Europe,Austria
1967,7376998.0,70.14,12834.6024,Europe,Austria
1972,7544201.0,70.63,16661.6256,Europe,Austria
1977,7568430.0,72.17,19749.4223,Europe,Austria
1982,7574613.0,73.18,21597.083619999998,Europe,Austria
1987,7578903.0,74.94,23687.82607,Europe,Austria
1992,7914969.0,76.04,27042.01868,Europe,Austria
1997,8069876.0,77.51,29095.920660000003,Europe,Austria
2002,8148312.0,78.98,32417.607689999997,Europe,Austria
2007,8199783.0,79.829,36126.4927,Europe,Austria
1952,120447.0,50.93899999999999,9867.084765000001,Asia,Bahrain
1957,138655.0,53.832,11635.79945,Asia,Bahrain
1962,171863.0,56.923,12753.27514,Asia,Bahrain
1967,202182.0,59.923,14804.6727,Asia,Bahrain
1972,230800.0,63.3,18268.65839,Asia,Bahrain
1977,297410.0,65.593,19340.10196,Asia,Bahrain
1982,377967.0,69.05199999999999,19211.14731,Asia,Bahrain
1987,454612.0,70.75,18524.02406,Asia,Bahrain
1992,529491.0,72.601,19035.579169999997,Asia,Bahrain
1997,598561.0,73.925,20292.01679,Asia,Bahrain
2002,656397.0,74.795,23403.559269999998,Asia,Bahrain
2007,708573.0,75.635,29796.048339999998,Asia,Bahrain
1952,46886859.0,37.484,684.2441716,Asia,Bangladesh
1957,51365468.0,39.348,661.6374577,Asia,Bangladesh
1962,56839289.0,41.216,686.3415537999999,Asia,Bangladesh
1967,62821884.0,43.453,721.1860862000001,Asia,Bangladesh
1972,70759295.0,45.251999999999995,630.2336265,Asia,Bangladesh
1977,80428306.0,46.923,659.8772322000001,Asia,Bangladesh
1982,93074406.0,50.00899999999999,676.9818656,Asia,Bangladesh
1987,103764241.0,52.818999999999996,751.9794035,Asia,Bangladesh
1992,113704579.0,56.018,837.8101642999999,Asia,Bangladesh
1997,123315288.0,59.412,972.7700352,Asia,Bangladesh
2002,135656790.0,62.013000000000005,1136.3904300000002,Asia,Bangladesh
2007,150448339.0,64.062,1391.253792,Asia,Bangladesh
1952,8730405.0,68.0,8343.105126999999,Europe,Belgium
1957,8989111.0,69.24,9714.960623,Europe,Belgium
1962,9218400.0,70.25,10991.20676,Europe,Belgium
1967,9556500.0,70.94,13149.04119,Europe,Belgium
1972,9709100.0,71.44,16672.14356,Europe,Belgium
1977,9821800.0,72.8,19117.97448,Europe,Belgium
1982,9856303.0,73.93,20979.84589,Europe,Belgium
1987,9870200.0,75.35,22525.56308,Europe,Belgium
1992,10045622.0,76.46,25575.57069,Europe,Belgium
1997,10199787.0,77.53,27561.196630000002,Europe,Belgium
2002,10311970.0,78.32,30485.88375,Europe,Belgium
2007,10392226.0,79.441,33692.60508,Europe,Belgium
1952,1738315.0,38.223,1062.7522,Africa,Benin
1957,1925173.0,40.358000000000004,959.6010805,Africa,Benin
1962,2151895.0,42.618,949.4990641,Africa,Benin
1967,2427334.0,44.885,1035.831411,Africa,Benin
1972,2761407.0,47.013999999999996,1085.796879,Africa,Benin
1977,3168267.0,49.19,1029.161251,Africa,Benin
1982,3641603.0,50.903999999999996,1277.897616,Africa,Benin
1987,4243788.0,52.336999999999996,1225.85601,Africa,Benin
1992,4981671.0,53.919,1191.207681,Africa,Benin
1997,6066080.0,54.777,1232.975292,Africa,Benin
2002,7026113.0,54.406000000000006,1372.877931,Africa,Benin
2007,8078314.0,56.728,1441.284873,Africa,Benin
1952,2883315.0,40.414,2677.3263469999997,Americas,Bolivia
1957,3211738.0,41.89,2127.686326,Americas,Bolivia
1962,3593918.0,43.428000000000004,2180.972546,Americas,Bolivia
1967,4040665.0,45.032,2586.886053,Americas,Bolivia
1972,4565872.0,46.714,2980.331339,Americas,Bolivia
1977,5079716.0,50.023,3548.097832,Americas,Bolivia
1982,5642224.0,53.858999999999995,3156.510452,Americas,Bolivia
1987,6156369.0,57.251000000000005,2753.6914899999997,Americas,Bolivia
1992,6893451.0,59.957,2961.699694,Americas,Bolivia
1997,7693188.0,62.05,3326.143191,Americas,Bolivia
2002,8445134.0,63.883,3413.26269,Americas,Bolivia
2007,9119152.0,65.554,3822.1370840000004,Americas,Bolivia
1952,2791000.0,53.82,973.5331947999999,Europe,Bosnia and Herzegovina
1957,3076000.0,58.45,1353.989176,Europe,Bosnia and Herzegovina
1962,3349000.0,61.93,1709.683679,Europe,Bosnia and Herzegovina
1967,3585000.0,64.79,2172.3524230000003,Europe,Bosnia and Herzegovina
1972,3819000.0,67.45,2860.16975,Europe,Bosnia and Herzegovina
1977,4086000.0,69.86,3528.481305,Europe,Bosnia and Herzegovina
1982,4172693.0,70.69,4126.613157,Europe,Bosnia and Herzegovina
1987,4338977.0,71.14,4314.114757,Europe,Bosnia and Herzegovina
1992,4256013.0,72.178,2546.781445,Europe,Bosnia and Herzegovina
1997,3607000.0,73.244,4766.355904,Europe,Bosnia and Herzegovina
2002,4165416.0,74.09,6018.975239,Europe,Bosnia and Herzegovina
2007,4552198.0,74.852,7446.298803,Europe,Bosnia and Herzegovina
1952,442308.0,47.622,851.2411407,Africa,Botswana
1957,474639.0,49.618,918.2325348999999,Africa,Botswana
1962,512764.0,51.52,983.6539764,Africa,Botswana
1967,553541.0,53.298,1214.709294,Africa,Botswana
1972,619351.0,56.023999999999994,2263.6111140000003,Africa,Botswana
1977,781472.0,59.318999999999996,3214.857818,Africa,Botswana
1982,970347.0,61.483999999999995,4551.14215,Africa,Botswana
1987,1151184.0,63.622,6205.88385,Africa,Botswana
1992,1342614.0,62.745,7954.111645,Africa,Botswana
1997,1536536.0,52.556000000000004,8647.142313,Africa,Botswana
2002,1630347.0,46.63399999999999,11003.60508,Africa,Botswana
2007,1639131.0,50.728,12569.851770000001,Africa,Botswana
1952,56602560.0,50.917,2108.944355,Americas,Brazil
1957,65551171.0,53.285,2487.365989,Americas,Brazil
1962,76039390.0,55.665,3336.585802,Americas,Brazil
1967,88049823.0,57.632,3429.864357,Americas,Brazil
1972,100840058.0,59.504,4985.711467,Americas,Brazil
1977,114313951.0,61.489,6660.118654,Americas,Brazil
1982,128962939.0,63.336000000000006,7030.835878,Americas,Brazil
1987,142938076.0,65.205,7807.095818000001,Americas,Brazil
1992,155975974.0,67.057,6950.283020999999,Americas,Brazil
1997,168546719.0,69.388,7957.980823999999,Americas,Brazil
2002,179914212.0,71.006,8131.212843000001,Americas,Brazil
2007,190010647.0,72.39,9065.800825,Americas,Brazil
1952,7274900.0,59.6,2444.2866480000002,Europe,Bulgaria
1957,7651254.0,66.61,3008.670727,Europe,Bulgaria
1962,8012946.0,69.51,4254.337839,Europe,Bulgaria
1967,8310226.0,70.42,5577.0028,Europe,Bulgaria
1972,8576200.0,70.9,6597.494398,Europe,Bulgaria
1977,8797022.0,70.81,7612.240438,Europe,Bulgaria
1982,8892098.0,71.08,8224.191647,Europe,Bulgaria
1987,8971958.0,71.34,8239.854824,Europe,Bulgaria
1992,8658506.0,71.19,6302.6234380000005,Europe,Bulgaria
1997,8066057.0,70.32,5970.38876,Europe,Bulgaria
2002,7661799.0,72.14,7696.777725,Europe,Bulgaria
2007,7322858.0,73.005,10680.79282,Europe,Bulgaria
1952,4469979.0,31.975,543.2552413,Africa,Burkina Faso
1957,4713416.0,34.906,617.1834647999999,Africa,Burkina Faso
1962,4919632.0,37.814,722.5120206,Africa,Burkina Faso
1967,5127935.0,40.696999999999996,794.8265597,Africa,Burkina Faso
1972,5433886.0,43.591,854.7359763000001,Africa,Burkina Faso
1977,5889574.0,46.137,743.3870368,Africa,Burkina Faso
1982,6634596.0,48.122,807.1985855,Africa,Burkina Faso
1987,7586551.0,49.556999999999995,912.0631417000001,Africa,Burkina Faso
1992,8878303.0,50.26,931.7527731,Africa,Burkina Faso
1997,10352843.0,50.324,946.2949617999999,Africa,Burkina Faso
2002,12251209.0,50.65,1037.645221,Africa,Burkina Faso
2007,14326203.0,52.295,1217.032994,Africa,Burkina Faso
1952,2445618.0,39.031,339.29645869999996,Africa,Burundi
1957,2667518.0,40.533,379.56462810000005,Africa,Burundi
1962,2961915.0,42.045,355.2032273,Africa,Burundi
1967,3330989.0,43.548,412.97751360000007,Africa,Burundi
1972,3529983.0,44.056999999999995,464.0995039,Africa,Burundi
1977,3834415.0,45.91,556.1032651,Africa,Burundi
1982,4580410.0,47.471000000000004,559.6032309999999,Africa,Burundi
1987,5126023.0,48.211000000000006,621.8188188999999,Africa,Burundi
1992,5809236.0,44.736000000000004,631.6998778,Africa,Burundi
1997,6121610.0,45.326,463.1151478,Africa,Burundi
2002,7021078.0,47.36,446.4035126,Africa,Burundi
2007,8390505.0,49.58,430.07069160000003,Africa,Burundi
1952,4693836.0,39.417,368.46928560000003,Asia,Cambodia
1957,5322536.0,41.36600000000001,434.0383364,Asia,Cambodia
1962,6083619.0,43.415,496.9136476,Asia,Cambodia
1967,6960067.0,45.415,523.4323142,Asia,Cambodia
1972,7450606.0,40.317,421.6240257,Asia,Cambodia
1977,6978607.0,31.22,524.9721831999999,Asia,Cambodia
1982,7272485.0,50.957,624.4754784,Asia,Cambodia
1987,8371791.0,53.913999999999994,683.8955732000001,Asia,Cambodia
1992,10150094.0,55.803000000000004,682.3031755,Asia,Cambodia
1997,11782962.0,56.534,734.28517,Asia,Cambodia
2002,12926707.0,56.751999999999995,896.2260152999999,Asia,Cambodia
2007,14131858.0,59.723,1713.7786859999999,Asia,Cambodia
1952,5009067.0,38.523,1172.667655,Africa,Cameroon
1957,5359923.0,40.428000000000004,1313.048099,Africa,Cameroon
1962,5793633.0,42.643,1399.607441,Africa,Cameroon
1967,6335506.0,44.799,1508.453148,Africa,Cameroon
1972,7021028.0,47.049,1684.1465280000002,Africa,Cameroon
1977,7959865.0,49.355,1783.432873,Africa,Cameroon
1982,9250831.0,52.961000000000006,2367.983282,Africa,Cameroon
1987,10780667.0,54.985,2602.664206,Africa,Cameroon
1992,12467171.0,54.31399999999999,1793.1632780000002,Africa,Cameroon
1997,14195809.0,52.199,1694.337469,Africa,Cameroon
2002,15929988.0,49.856,1934.0114489999999,Africa,Cameroon
2007,17696293.0,50.43,2042.0952399999999,Africa,Cameroon
1952,14785584.0,68.75,11367.16112,,Canada
1957,17010154.0,69.96,12489.95006,,Canada
1962,18985849.0,71.3,13462.48555,,Canada
1967,20819767.0,72.13,16076.58803,,Canada
1972,22284500.0,72.88,18970.57086,,Canada
1977,23796400.0,74.21,22090.88306,,Canada
1982,25201900.0,75.76,22898.79214,,Canada
1987,26549700.0,76.86,26626.515030000002,,Canada
1992,28523502.0,77.95,26342.88426,,Canada
1997,30305843.0,78.61,28954.92589,,Canada
2002,31902268.0,79.77,33328.96507,,Canada
2007,33390141.0,80.653,36319.235010000004,,Canada
1952,1291695.0,35.463,1071.310713,Africa,Central African Republic
1957,1392284.0,37.464,1190.844328,Africa,Central African Republic
1962,1523478.0,39.475,1193.068753,Africa,Central African Republic
1967,1733638.0,41.478,1136.056615,Africa,Central African Republic
1972,1927260.0,43.457,1070.013275,Africa,Central African Republic
1977,2167533.0,46.775,1109.374338,Africa,Central african republic
1982,2476971.0,48.295,956.7529906999999,Africa,Central african republic
1987,2840009.0,50.485,844.8763504000001,Africa,Central african republic
1992,3265124.0,49.396,747.9055252,Africa,Central african republic
1997,3696513.0,46.066,740.5063317,Africa,Central African Republic
2002,4048013.0,43.308,738.6906068,Africa,Central African Republic
2007,4369038.0,44.74100000000001,706.016537,Africa,Central African Republic
1952,2682462.0,38.092,1178.665927,Africa,Chad
1957,2894855.0,39.881,1308.495577,Africa,Chad
1962,3150417.0,41.716,1389.817618,Africa,Chad
1967,3495967.0,43.601000000000006,1196.810565,Africa,Chad
1972,3899068.0,45.568999999999996,1104.103987,Africa,Chad
1977,4388260.0,47.383,1133.98495,Africa,Chad
1982,4875118.0,49.516999999999996,797.9081006,Africa,Chad
1987,5498955.0,51.051,952.3861289999999,Africa,Chad
1992,6429417.0,51.724,1058.0643,Africa,Chad
1997,7562011.0,51.573,1004.9613529999999,Africa,Chad
2002,8835739.0,50.525,1156.18186,Africa,Chad
2007,10238807.0,50.651,1704.0637239999999,Africa,Chad
1952,6377619.0,54.745,3939.9787890000002,Americas,Chile
1957,7048426.0,56.074,4315.6227229999995,Americas,Chile
1962,7961258.0,57.924,4519.094331,Americas,Chile
1967,8858908.0,60.523,5106.654313,Americas,Chile
1972,9717524.0,63.441,5494.024437,Americas,Chile
1977,10599793.0,67.05199999999999,4756.763836,Americas,Chile
1982,11487112.0,70.565,5095.665738000001,Americas,Chile
1987,12463354.0,72.492,5547.063754,Americas,Chile
1992,13572994.0,74.126,7596.125964,Americas,Chile
1997,14599929.0,75.816,10118.053179999999,Americas,Chile
2002,15497046.0,77.86,10778.78385,Americas,Chile
2007,16284741.0,78.553,13171.63885,Americas,Chile
1952,556263527.9999889,44.0,400.448610699994,Asia,China
1957,637408000.0,50.54896,575.9870009,Asia,China
1962,665770000.0,44.50136,487.6740183,Asia,China
1967,754550000.0,58.381119999999996,612.7056934,Asia,China
1972,862030000.0,63.118880000000004,676.9000921,Asia,China
1977,943455000.0,63.96736,741.2374699,Asia,china
1982,1000281000.0,65.525,962.4213804999999,Asia,china
1987,1084035000.0,67.274,1378.904018,Asia,china
1992,1164970000.0,68.69,1655.784158,Asia,china
1997,1230075000.0,70.426,2289.234136,Asia,China
2002,1280400000.0,72.028,3119.280896,Asia,China
2007,1318683096.0,72.961,4959.1148539999995,Asia,China
1952,12350771.0,50.643,2144.115096,Americas,Colombia
1957,14485993.0,55.118,2323.805581,Americas,Colombia
1962,17009885.0,57.863,2492.351109,Americas,Colombia    
1967,19764027.0,59.963,2678.729839,Americas,Colombia    
1972,22542890.0,61.623000000000005,3264.660041,Americas,Colombia
1977,25094412.0,63.836999999999996,3815.80787,Americas,Colombia
1982,27764644.0,66.653,4397.575659,Americas,Colombia
1987,30964245.0,67.768,4903.2191,Americas,Colombia
1992,34202721.0,68.421,5444.648617,Americas,Colombia
1997,37657830.0,70.313,6117.3617460000005,Americas,Colombia
2002,41008227.0,71.682,5755.259962,Americas,Colombia
2007,44227550.0,72.889,7006.580419,Americas,Colombia
1952,153936.0,40.715,1102.990936,Africa,Comoros
1957,170928.0,42.46,1211.1485480000001,Africa,Comoros
1962,191689.0,44.467,1406.648278,Africa,Comoros
1967,217378.0,46.472,1876.029643,Africa,Comoros
1972,250027.0,48.943999999999996,1937.577675,Africa,Comoros
1977,304739.0,50.93899999999999,1172.603047,Africa,Comoros
1982,348643.0,52.933,1267.100083,Africa,Comoros
1987,395114.0,54.926,1315.980812,Africa,Comoros
1992,454429.0,57.93899999999999,1246.90737,Africa,Comoros
1997,527982.0,60.66,1173.618235,Africa,Comoros
2002,614382.0,62.974,1075.811558,Africa,Comoros
2007,710960.0,65.152,986.1478792000001,Africa,Comoros
1952,14100005.0,39.143,780.5423257,Africa,"Congo, Dem. Rep."
1957,15577932.0,40.652,905.8602302999999,Africa,"Congo, Dem. Rep."
1962,17486434.0,42.122,896.3146335000001,Africa,"Congo, Dem. Rep."
1967,19941073.0,44.056000000000004,861.5932424,Africa,"Congo, Dem. Rep."
1972,23007669.0,45.989,904.8960685000001,Africa,Democratic Republic of the Congo
1977,26480870.0,47.803999999999995,795.757282,Africa,"Congo, Dem. Rep."
1982,30646495.0,47.784,673.7478181,Africa,"Congo, Dem. Rep."
1987,35481645.0,47.412,672.774812,Africa,"Congo, Dem. Rep."
1992,41672143.0,45.548,457.7191807,Africa,"Congo, Dem. Rep."
1997,47798986.0,42.586999999999996,312.188423,Africa,"Congo, Democratic Republic"
2002,55379852.0,44.966,241.16587650000002,Africa,"Congo, Dem. Rep."
2007,64606759.0,46.461999999999996,277.55185869999997,Africa,"Congo, Dem. Rep."
1952,854885.0,42.111000000000004,2125.621418,Africa,"Congo, Rep."
1957,940458.0,45.053000000000004,2315.056572,Africa,"Congo, Rep."
1962,1047924.0,48.435,2464.783157,Africa,"Congo, Rep."
1967,1179760.0,52.04,2677.9396420000003,Africa,"Congo, Rep."
1972,1340458.0,54.907,3213.152683,Africa,"Congo, Rep."
1977,1536769.0,55.625,3259.178978,Africa,"Congo, Rep."
1982,1774735.0,56.695,4879.507522,Africa,"Congo, Rep."
1987,2064095.0,57.47,4201.194936999999,Africa,"Congo, Rep."
1992,2409073.0,56.433,4016.239529,Africa,"Congo, Rep."
1997,2800947.0,52.961999999999996,3484.1643759999997,Africa,"Congo, Rep."
2002,3328795.0,52.97,3484.06197,Africa,"Congo, Rep."
2007,3800610.0,55.321999999999996,3632.557798,Africa,"Congo, Rep."
1952,926317.0,57.206,2627.0094710000003,Americas,Costa Rica
1957,1112300.0,60.026,2990.010802,Americas,Costa Rica
1962,1345187.0,62.842,3460.937025,Americas,Costa Rica
1967,1588717.0,65.42399999999999,4161.727834,Americas,Costa Rica
1972,1834796.0,67.84899999999999,5118.146939,Americas,Costa Rica
1977,2108457.0,70.75,5926.876967,Americas,Costa Rica
1982,2424367.0,73.45,5262.734751,Americas,Costa Rica
1987,2799811.0,74.752,5629.915318,Americas,Costa Rica
1992,3173216.0,75.71300000000001,6160.416317,Americas,Costa Rica
1997,3518107.0,77.26,6677.045314,Americas,Costa Rica
2002,3834934.0,78.123,7723.447195000001,Americas,Costa Rica
2007,4133884.0,78.782,9645.06142,Americas,Costa Rica
1952,2977019.0,40.477,1388.594732,Africa,Cote d'Ivoire
1957,3300000.0,42.468999999999994,1500.895925,Africa,Cote d'Ivoire
1962,3832408.0,44.93,1728.8694280000002,Africa,Cote d'Ivoire
1967,4744870.0,47.35,2052.0504730000002,Africa,Cote d'Ivoire
1972,6071696.0,49.801,2378.201111,Africa,Cote d'Ivoire
1977,7459574.0,52.373999999999995,2517.736547,Africa,Cote d'Ivoire
1982,9025951.0,53.983000000000004,2602.710169,Africa,Cote d'Ivoire
1987,10761098.0,54.655,2156.9560690000003,Africa,Cote d'Ivoire
1992,12772596.0,52.044,1648.073791,Africa,Cote d'Ivoire
1997,14625967.0,47.99100000000001,1786.265407,Africa,Cote d'Ivore
2002,16252726.0,46.832,1648.800823,Africa,Cote d'Ivoire
2007,18013409.0,48.328,1544.750112,Africa,Cote d'Ivoire
1952,3882229.0,61.21,3119.23652,Europe,Croatia
1957,3991242.0,64.77,4338.231617,Europe,Croatia
1962,4076557.0,67.13,5477.890018,Europe,Croatia
1967,4174366.0,68.5,6960.297861,Europe,Croatia
1972,4225310.0,69.61,9164.090127,Europe,Croatia
1977,4318673.0,70.64,11305.38517,Europe,Croatia
1982,4413368.0,70.46,13221.82184,Europe,Croatia
1987,4484310.0,71.52,13822.58394,Europe,Croatia
1992,4494013.0,72.527,8447.794873,Europe,Croatia
1997,4444595.0,73.68,9875.604515,Europe,Croatia
2002,4481020.0,74.876,11628.38895,Europe,Croatia
2007,4493312.0,75.748,14619.222719999998,Europe,Croatia
1952,6007797.0,59.42100000000001,5586.53878,Americas,Cuba
1957,6640752.0,62.325,6092.174359000001,Americas,Cuba
1962,7254373.0,65.24600000000001,5180.75591,Americas,Cuba
1967,8139332.0,68.29,5690.268015,Americas,Cuba
1972,8831348.0,70.723,5305.445256,Americas,Cuba
1977,9537988.0,72.649,6380.494965999999,Americas,Cuba
1982,9789224.0,73.717,7316.9181069999995,Americas,Cuba
1987,10239839.0,74.17399999999999,7532.924762999999,Americas,Cuba
1992,10723260.0,74.414,5592.843963,Americas,Cuba
1997,10983007.0,76.15100000000001,5431.990415,Americas,Cuba
2002,11226999.0,77.158,6340.646683,Americas,Cuba
2007,11416987.0,78.273,8948.102923,Americas,Cuba
1952,9125183.0,66.87,6876.14025,Europe,Czech Republic
1957,9513758.0,69.03,8256.343918,Europe,Czech Republic
1962,9620282.0,69.9,10136.86713,Europe,Czech Republic
1967,9835109.0,70.38,11399.44489,Europe,Czech Republic
1972,9862158.0,70.29,13108.4536,Europe,Czech Republic
1977,10161915.0,70.71,14800.160619999999,Europe,Czech Republic
1982,10303704.0,70.96,15377.22855,Europe,Czech Republic
1987,10311597.0,71.58,16310.4434,Europe,Czech Republic
1992,10315702.0,72.4,14297.021219999999,Europe,Czech Republic
1997,10300707.0,74.01,16048.51424,Europe,Czech Republic
2002,10256295.0,75.51,17596.210219999997,Europe,Czech Republic
2007,10228744.0,76.486,22833.30851,Europe,Czech Republic
1952,4334000.0,70.78,9692.385245,Europe,Denmark
1957,4487831.0,71.81,11099.65935,Europe,Denmark
1962,4646899.0,72.35,13583.31351,Europe,Denmark
1967,4838800.0,72.96,15937.21123,Europe,Denmark
1972,4991596.0,73.47,18866.20721,Europe,Denmark
1977,5088419.0,74.69,20422.9015,Europe,Denmark
1982,5117810.0,74.63,21688.04048,Europe,Denmark
1987,5127024.0,74.8,25116.17581,Europe,Denmark
1992,5171393.0,75.33,26406.73985,Europe,Denmark
1997,5283663.0,76.11,29804.34567,Europe,Denmark
2002,5374693.0,77.18,32166.500060000002,Europe,Denmark
2007,5468120.0,78.332,35278.41874,Europe,Denmark
1952,63149.0,34.812,2669.529475,Africa,Djibouti
1957,71851.0,37.328,2864.9690760000003,Africa,Djibouti
1962,89898.0,39.693000000000005,3020.989263,Africa,Djibouti
1967,127617.0,42.074,3020.0505129999997,Africa,Djibouti
1972,178848.0,44.36600000000001,3694.2123520000005,Africa,Djibouti
1977,228694.0,46.519,3081.7610219999997,Africa,Djibouti
1982,305991.0,48.812,2879.4680670000002,Africa,Djibouti
1987,311025.0,50.04,2880.102568,Africa,Djibouti
1992,384156.0,51.604,2377.1561920000004,Africa,Djibouti
1997,417908.0,53.157,1895.016984,Africa,Djibouti
2002,447416.0,53.373000000000005,1908.2608670000002,Africa,Djibouti
2007,496374.0,54.791000000000004,2082.4815670000003,Africa,Djibouti
1952,2491346.0,45.928000000000004,1397.7171369999999,Americas,Dominican Republic
1957,2923186.0,49.828,1544.402995,Americas,Dominican Republic
1962,3453434.0,53.458999999999996,1662.137359,Americas,Dominican Republic
1967,4049146.0,56.751000000000005,1653.7230029999998,Americas,Dominican Republic
1972,4671329.0,59.631,2189.874499,Americas,Dominican Republic
1977,5302800.0,61.788000000000004,2681.9889,Americas,Dominican Republic
1982,5968349.0,63.727,2861.092386,Americas,Dominican Republic
1987,6655297.0,66.046,2899.842175,Americas,Dominican Republic
1992,7351181.0,68.457,3044.214214,Americas,Dominican Republic
1997,7992357.0,69.957,3614.101285,Americas,Dominican Republic
2002,8650322.0,70.847,4563.808154,Americas,Dominican Republic
2007,9319622.0,72.235,6025.374752000001,Americas,Dominican Republic
1952,3548753.0,48.357,3522.110717,Americas,Ecuador
1957,4058385.0,51.356,3780.5466509999997,Americas,Ecuador
1962,4681707.0,54.64,4086.114078,Americas,Ecuador
1967,5432424.0,56.678000000000004,4579.074215,Americas,Ecuador
1972,6298651.0,58.79600000000001,5280.99471,Americas,Ecuador
1977,7278866.0,61.31,6679.62326,Americas,Ecuador
1982,8365850.0,64.342,7213.7912670000005,Americas,Ecuador
1987,9545158.0,67.23100000000001,6481.776993,Americas,Ecuador
1992,10748394.0,69.613,7103.702595000001,Americas,Ecuador
1997,11911819.0,72.312,7429.455876999999,Americas,Ecuador
2002,12921234.0,74.173,5773.0445119999995,Americas,Ecuador
2007,13755680.0,74.994,6873.262326000001,Americas,Ecuador
1952,22223309.0,41.893,1418.822445,Africa,Egypt
1957,25009741.0,44.443999999999996,1458.915272,Africa,Egypt
1962,28173309.0,46.992,1693.335853,Africa,Egypt
1967,31681188.0,49.293,1814.880728,Africa,Egypt
1972,34807417.0,51.137,2024.0081469999998,Africa,Egypt
1977,38783863.0,53.318999999999996,2785.493582,Africa,Egypt
1982,45681811.0,56.006,3503.729636,Africa,Egypt
1987,52799062.0,59.797,3885.4607100000003,Africa,Egypt
1992,59402198.0,63.674,3794.755195,Africa,Egypt
1997,66134291.0,67.217,4173.181797,Africa,Egypt
2002,73312559.0,69.806,4754.604414,Africa,Egypt
2007,80264543.0,71.33800000000001,5581.180998,Africa,Egypt
1952,2042865.0,45.262,3048.3029,Americas,El Salvador
1957,2355805.0,48.57,3421.523218,Americas,El Salvador
1962,2747687.0,52.306999999999995,3776.8036270000002,Americas,El Salvador
1967,3232927.0,55.855,4358.595393,Americas,El Salvador
1972,3790903.0,58.207,4520.246008,Americas,El Salvador
1977,4282586.0,56.696000000000005,5138.922374,Americas,El Salvador
1982,4474873.0,56.604,4098.344175,Americas,El Salvador
1987,4842194.0,63.153999999999996,4140.442097,Americas,El Salvador
1992,5274649.0,66.798,4444.2317,Americas,El Salvador
1997,5783439.0,69.535,5154.825496,Americas,El Salvador
2002,6353681.0,70.734,5351.568665999999,Americas,El Salvador
2007,6939688.0,71.878,5728.353514,Americas,El Salvador
1952,216964.0,34.482,375.6431231,Africa,Equatorial Guinea
1957,232922.0,35.983000000000004,426.0964081,Africa,Equatorial Guinea
1962,249220.0,37.485,582.8419713999999,Africa,Equatorial Guinea
1967,259864.0,38.986999999999995,915.5960025,Africa,Equatorial Guinea
1972,277603.0,40.516,672.4122571,Africa,Equatorial Guinea
1977,192675.0,42.023999999999994,958.5668124,Africa,Equatorial Guinea
1982,285483.0,43.662,927.8253427000001,Africa,Equatorial Guinea
1987,341244.0,45.663999999999994,966.8968149,Africa,Equatorial Guinea
1992,387838.0,47.545,1132.055034,Africa,Equatorial Guinea
1997,439971.0,48.245,2814.480755,Africa,Equatorial Guinea
2002,495627.0,49.348,7703.4959,Africa,Equatorial Guinea
2007,551201.0,51.57899999999999,12154.08975,Africa,Equatorial Guinea
1952,1438760.0,35.928000000000004,328.94055710000004,Africa,Eritrea
1957,1542611.0,38.047,344.16188589999996,Africa,Eritrea
1962,1666618.0,40.158,380.99584330000005,Africa,Eritrea
1967,1820319.0,42.18899999999999,468.7949699,Africa,Eritrea
1972,2260187.0,44.141999999999996,514.3242081999999,Africa,Eritrea
1977,2512642.0,44.535,505.7538077,Africa,Eritrea
1982,2637297.0,43.89,524.8758493,Africa,Eritrea
1987,2915959.0,46.453,521.1341333,Africa,Eritrea
1992,3668440.0,49.99100000000001,582.8585102000001,Africa,Eritrea
1997,4058319.0,53.378,913.4707900000001,Africa,Eritrea
2002,4414865.0,55.24,765.3500015,Africa,Eritrea
2007,4906585.0,58.04,641.3695236000001,Africa,Eritrea
1952,20860941.0,34.078,362.1462796,Africa,Ethiopia
1957,22815614.0,36.667,378.90416319999997,Africa,Ethiopia
1962,25145372.0,40.059,419.4564161,Africa,Ethiopia
1967,27860297.0,42.115,516.1186438,Africa,Ethiopia
1972,30770372.0,43.515,566.2439442000001,Africa,Ethiopia
1977,34617799.0,44.51,556.8083834,Africa,Ethiopia
1982,38111756.0,44.916000000000004,577.8607471,Africa,Ethiopia
1987,42999530.0,46.684,573.7413142000001,Africa,Ethiopia
1992,52088559.0,48.091,421.3534653,Africa,Ethiopia
1997,59861301.0,49.402,515.8894013,Africa,Ethiopia
2002,67946797.0,50.725,530.0535319,Africa,Ethiopia
2007,76511887.0,52.946999999999996,690.8055759,Africa,Ethiopia
1952,4090500.0,66.55,6424.519071,Europe,Finland
1957,4324000.0,67.49,7545.415386,Europe,Finland
1962,4491443.0,68.75,9371.842561,Europe,Finland
1967,4605744.0,69.83,10921.63626,Europe,Finland
1972,4639657.0,70.87,14358.8759,Europe,Finland
1977,4738902.0,72.52,15605.422830000001,Europe,Finland
1982,4826933.0,74.55,18533.15761,Europe,Finland
1987,4931729.0,74.83,21141.01223,Europe,Finland
1992,5041039.0,75.7,20647.16499,Europe,Finland
1997,5134406.0,77.13,23723.9502,Europe,Finland
2002,5193039.0,78.37,28204.59057,Europe,Finland
2007,5238460.0,79.313,33207.0844,Europe,Finland
1952,42459667.0,67.41,7029.809327,Europe,France
1957,44310863.0,68.93,8662.834898000001,Europe,France
1962,47124000.0,70.51,10560.48553,Europe,France
1967,49569000.0,71.55,12999.91766,Europe,France
1972,51732000.0,72.38,16107.19171,Europe,France
1977,53165019.0,73.83,18292.635140000002,Europe,France
1982,54433565.0,74.89,20293.89746,Europe,France
1987,55630100.0,76.34,22066.44214,Europe,France
1992,57374179.0,77.46,24703.79615,Europe,France
1997,58623428.0,78.64,25889.78487,Europe,France
2002,59925035.0,79.59,28926.032339999998,Europe,France
2007,61083916.0,80.657,30470.0167,Europe,France
1952,420702.0,37.003,4293.476475,Africa,Gabon
1957,434904.0,38.999,4976.198099,Africa,Gabon
1962,455661.0,40.489000000000004,6631.4592219999995,Africa,Gabon
1967,489004.0,44.598,8358.761987,Africa,Gabon
1972,537977.0,48.69,11401.948409999999,Africa,Gabon
1977,706367.0,52.79,21745.57328,Africa,Gabon
1982,753874.0,56.56399999999999,15113.36194,Africa,Gabon
1987,880397.0,60.19,11864.408440000001,Africa,Gabon
1992,985739.0,61.36600000000001,13522.157519999999,Africa,Gabon
1997,1126189.0,60.461000000000006,14722.841880000002,Africa,Gabon
2002,1299304.0,56.761,12521.71392,Africa,Gabon
2007,1454867.0,56.735,13206.48452,Africa,Gabon
1952,284320.0,30.0,485.2306591,Africa,Gambia
1957,323150.0,32.065,520.9267111,Africa,Gambia
1962,374020.0,33.896,599.650276,Africa,Gambia
1967,439593.0,35.857,734.7829124,Africa,Gambia
1972,517101.0,38.308,756.0868363,Africa,Gambia
1977,608274.0,41.842,884.7552507000001,Africa,Gambia
1982,715523.0,45.58,835.8096107999999,Africa,Gambia
1987,848406.0,49.265,611.6588611000001,Africa,Gambia
1992,1025384.0,52.644,665.6244126,Africa,Gambia
1997,1235767.0,55.861000000000004,653.7301704,Africa,Gambia
2002,1457766.0,58.041000000000004,660.5855997,Africa,Gambia
2007,1688359.0,59.448,752.7497265,Africa,Gambia
1952,69145952.0,67.5,7144.114393000001,Europe,Germany
1957,71019069.0,69.1,10187.82665,Europe,Germany
1962,73739117.0,70.3,12902.46291,Europe,Germany
1967,76368453.0,70.8,14745.62561,Europe,Germany
1972,78717088.0,71.0,18016.180269999997,Europe,Germany
1977,78160773.0,72.5,20512.92123,Europe,Germany
1982,78335266.0,73.8,22031.532740000002,Europe,Germany
1987,77718298.0,74.847,24639.18566,Europe,Germany
1992,80597764.0,76.07,26505.30317,Europe,Germany
1997,82011073.0,77.34,27788.88416,Europe,Germany
2002,82350671.0,78.67,30035.80198,Europe,Germany
2007,82400996.0,79.406,32170.37442,Europe,Germany
1952,5581001.0,43.148999999999994,911.2989371,Africa,Ghana
1957,6391288.0,44.778999999999996,1043.5615369999998,Africa,Ghana
1962,7355248.0,46.452,1190.0411179999999,Africa,Ghana
1967,8490213.0,48.071999999999996,1125.69716,Africa,Ghana
1972,9354120.0,49.875,1178.223708,Africa,Ghana
1977,10538093.0,51.756,993.2239571,Africa,Ghana
1982,11400338.0,53.744,876.032569,Africa,Ghana
1987,14168101.0,55.729,847.0061135,Africa,Ghana
1992,16278738.0,57.501000000000005,925.0601539999999,Africa,Ghana
1997,18418288.0,58.556000000000004,1005.2458119999999,Africa,Ghana
2002,20550751.0,58.453,1111.9845779999998,Africa,Ghana
2007,22873338.0,60.022,1327.60891,Africa,Ghana
1952,7733250.0,65.86,3530.690067,Europe,Greece
1957,8096218.0,67.86,4916.299889,Europe,Greece
1962,8448233.0,69.51,6017.190732999999,Europe,Greece
1967,8716441.0,71.0,8513.097016,Europe,Greece
1972,8888628.0,72.34,12724.82957,Europe,Greece
1977,9308479.0,73.68,14195.524280000001,Europe,Greece
1982,9786480.0,75.24,15268.420890000001,Europe,Greece
1987,9974490.0,76.67,16120.528390000001,Europe,Greece
1992,10325429.0,77.03,17541.49634,Europe,Greece
1997,10502372.0,77.869,18747.69814,Europe,Greece
2002,10603863.0,78.256,22514.2548,Europe,Greece
2007,10706290.0,79.483,27538.41188,Europe,Greece
1952,3146381.0,42.023,2428.2377690000003,Americas,Guatemala
1957,3640876.0,44.141999999999996,2617.155967,Americas,Guatemala
1962,4208858.0,46.95399999999999,2750.364446,Americas,Guatemala
1967,4690773.0,50.016000000000005,3242.5311469999997,Americas,Guatemala
1972,5149581.0,53.738,4031.4082710000002,Americas,Guatemala
1977,5703430.0,56.028999999999996,4879.992748,Americas,Guatemala
1982,6395630.0,58.137,4820.49479,Americas,Guatemala
1987,7326406.0,60.782,4246.485974,Americas,Guatemala
1992,8486949.0,63.373000000000005,4439.4508399999995,Americas,Guatemala
1997,9803875.0,66.322,4684.313807,Americas,Guatemala
2002,11178650.0,68.97800000000001,4858.347495,Americas,Guatemala
2007,12572928.0,70.259,5186.050003,Americas,Guatemala
1952,2664249.0,33.609,510.19649230000005,Africa,Guinea
1957,2876726.0,34.558,576.2670245,Africa,Guinea
1962,3140003.0,35.753,686.3736739,Africa,Guinea
1967,3451418.0,37.196999999999996,708.7595409,Africa,Guinea
1972,3811387.0,38.842,741.6662307,Africa,Guinea
1977,4227026.0,40.762,874.6858642999999,Africa,Guinea
1982,4710497.0,42.891000000000005,857.2503577,Africa,Guinea
1987,5650262.0,45.552,805.5724717999999,Africa,Guinea
1992,6990574.0,48.576,794.3484384,Africa,Guinea
1997,8048834.0,51.455,869.4497667999999,Africa,Guinea
2002,8807818.0,53.676,945.5835837000001,Africa,Guinea
2007,9947814.0,56.007,942.6542111,Africa,Guinea
1952,580653.0,32.5,299.850319,Africa,Guinea-Bissau
1957,601095.0,33.489000000000004,431.7904566000001,Africa,Guinea-Bissau
1962,627820.0,34.488,522.0343725,Africa,Guinea-Bissau
1967,601287.0,35.492,715.5806402000001,Africa,Guinea-Bissau
1972,625361.0,36.486,820.2245876000001,Africa,Guinea-Bissau
1977,745228.0,37.465,764.7259627999999,Africa,Guinea-Bissau
1982,825987.0,39.327,838.1239671,Africa,Guinea-Bissau
1987,927524.0,41.245,736.4153921,Africa,Guinea-Bissau
1992,1050938.0,43.266000000000005,745.5398706,Africa,Guinea-Bissau
1997,1193708.0,44.873000000000005,796.6644681,Africa,Guinea-Bissau
2002,1332459.0,45.504,575.7047176,Africa,Guinea-Bissau
2007,1472041.0,46.388000000000005,579.2317429999999,Africa,Guinea-Bissau
1952,3201488.0,37.579,1840.366939,Americas,Haiti
1957,3507701.0,40.696,1726.887882,Americas,Haiti
1962,3880130.0,43.59,1796.589032,Americas,Haiti
1967,4318137.0,46.243,1452.057666,Americas,Haiti
1972,4698301.0,48.042,1654.456946,Americas,Haiti
1977,4908554.0,49.923,1874.2989309999998,Americas,Haiti
1982,5198399.0,51.461000000000006,2011.1595489999997,Americas,Haiti
1987,5756203.0,53.636,1823.015995,Americas,Haiti
1992,6326682.0,55.089,1456.309517,Americas,Haiti
1997,6913545.0,56.67100000000001,1341.7269310000001,Americas,Haiti
2002,7607651.0,58.137,1270.364932,Americas,Haiti
2007,8502814.0,60.916000000000004,1201.637154,Americas,Haiti
1952,1517453.0,41.912,2194.926204,Americas,Honduras
1957,1770390.0,44.665,2220.487682,Americas,Honduras
1962,2090162.0,48.041000000000004,2291.1568350000002,Americas,Honduras
1967,2500689.0,50.924,2538.269358,Americas,Honduras
1972,2965146.0,53.88399999999999,2529.842345,Americas,Honduras
1977,3055235.0,57.402,3203.208066,Americas,Honduras
1982,3669448.0,60.909,3121.7607940000003,Americas,Honduras
1987,4372203.0,64.492,3023.0966989999997,Americas,Honduras
1992,5077347.0,66.399,3081.694603,Americas,Honduras
1997,5867957.0,67.65899999999999,3160.454906,Americas,Honduras
2002,6677328.0,68.565,3099.72866,Americas,Honduras
2007,7483763.0,70.19800000000001,3548.3308460000003,Americas,Honduras
1952,2125900.0,60.96,3054.421209,Asia,"Hong Kong, China"
1957,2736300.0,64.75,3629.076457,Asia,"Hong Kong, China"
1962,3305200.0,67.65,4692.648271999999,Asia,"Hong Kong, China"
1967,3722800.0,70.0,6197.962814,Asia,"Hong Kong, China"
1972,4115700.0,72.0,8315.928145,Asia,"Hong Kong, China"
1977,4583700.0,73.6,11186.14125,Asia,"Hong Kong, China"
1982,5264500.0,75.45,14560.530509999999,Asia,"Hong Kong, China"
1987,5584510.0,76.2,20038.472690000002,Asia,"Hong Kong, China"
1992,5829696.0,77.601,24757.60301,Asia,"Hong Kong, China"
1997,6495918.0,80.0,28377.632189999997,Asia,"Hong Kong, China"
2002,6762476.0,81.495,30209.015160000003,Asia,"Hong Kong, China"
2007,6980412.0,82.208,39724.97867,Asia,"Hong Kong, China"
1952,9504000.0,64.03,5263.6738159999995,Europe,Hungary
1957,9839000.0,66.41,6040.180011,Europe,Hungary
1962,10063000.0,67.96,7550.359877,Europe,Hungary
1967,10223422.0,69.5,9326.64467,Europe,Hungary
1972,10394091.0,69.76,10168.65611,Europe,Hungary
1977,10637171.0,69.95,11674.837370000001,Europe,Hungary
1982,10705535.0,69.39,12545.99066,Europe,Hungary
1987,10612740.0,69.58,12986.47998,Europe,Hungary
1992,10348684.0,69.17,10535.62855,Europe,Hungary
1997,10244684.0,71.04,11712.7768,Europe,Hungary
2002,10083313.0,72.59,14843.93556,Europe,Hungary
2007,9956108.0,73.33800000000001,18008.94444,Europe,Hungary
1952,147962.0,72.49,7267.688428,Europe,Iceland
1957,165110.0,73.47,9244.001412,Europe,Iceland
1962,182053.0,73.68,10350.15906,Europe,Iceland
1967,198676.0,73.73,13319.89568,Europe,Iceland
1972,209275.0,74.46,15798.063619999999,Europe,Iceland
1977,221823.0,76.11,19654.96247,Europe,Iceland
1982,233997.0,76.99,23269.6075,Europe,Iceland
1987,244676.0,77.23,26923.206280000002,Europe,Iceland
1992,259012.0,78.77,25144.39201,Europe,Iceland
1997,271192.0,78.95,28061.099660000003,Europe,Iceland
2002,288030.0,80.5,31163.201960000002,Europe,Iceland
2007,301931.0,81.757,36180.789189999996,Europe,Iceland
1952,372000000.0,37.373000000000005,546.5657493,Asia,India
1957,409000000.0,40.249,590.061996,Asia,India
1962,454000000.0,43.605,658.3471509,Asia,India
1967,506000000.0,47.193000000000005,700.7706107000001,Asia,India
1972,567000000.0,50.651,724.032527,Asia,India
1977,634000000.0,54.208,813.3373230000001,Asia,India
1982,708000000.0,56.596000000000004,855.7235377000001,Asia,India
1987,788000000.0,58.553000000000004,976.5126756000001,Asia,India
1992,872000000.0,60.223,1164.406809,Asia,India
1997,959000000.0,61.765,1458.817442,Asia,India
2002,1034172547.0,62.879,1746.769454,Asia,India
2007,1110396331.0,64.69800000000001,2452.210407,Asia,India
1952,82052000.0,37.468,749.6816546,Asia,Indonesia
1957,90124000.0,39.918,858.9002707000001,Asia,Indonesia
1962,99028000.0,42.518,849.2897700999999,Asia,Indonesia
1967,109343000.0,45.964,762.4317721,Asia,Indonesia
1972,121282000.0,49.203,1111.107907,Asia,Indonesia
1977,136725000.0,52.702,1382.702056,Asia,Indonesia
1982,153343000.0,56.159,1516.872988,Asia,Indonesia
1987,169276000.0,60.137,1748.356961,Asia,Indonesia
1992,184816000.0,62.681000000000004,2383.140898,Asia,Indonesia
1997,199278000.0,66.041,3119.335603,Asia,Indonesia
2002,211060000.0,68.58800000000001,2873.91287,Asia,Indonesia
2007,223547000.0,70.65,3540.6515640000002,Asia,Indonesia
1952,17272000.0,44.869,3035.326002,Asia,Iran
1957,19792000.0,47.181000000000004,3290.257643,Asia,Iran
1962,22874000.0,49.325,4187.329802,Asia,Iran
1967,26538000.0,52.468999999999994,5906.731804999999,Asia,Iran
1972,30614000.0,55.233999999999995,9613.818607,Asia,Iran
1977,35480679.0,57.702,11888.59508,Asia,Iran
1982,43072751.0,59.62,7608.334602,Asia,Iran
1987,51889696.0,63.04,6642.881371,Asia,Iran
1992,60397973.0,65.742,7235.653187999999,Asia,Iran
1997,63327987.0,68.042,8263.590301,Asia,Iran
2002,66907826.0,69.45100000000001,9240.761975,Asia,Iran
2007,69453570.0,70.964,11605.71449,Asia,Iran
1952,5441766.0,45.32,4129.766056,Asia,Iraq
1957,6248643.0,48.437,6229.333562,Asia,Iraq
1962,7240260.0,51.457,8341.737815,Asia,Iraq
1967,8519282.0,54.458999999999996,8931.459811,Asia,Iraq
1972,10061506.0,56.95,9576.037596,Asia,Iraq
1977,11882916.0,60.413000000000004,14688.235069999999,Asia,Iraq
1982,14173318.0,62.038000000000004,14517.90711,Asia,Iraq
1987,16543189.0,65.044,11643.57268,Asia,Iraq
1992,17861905.0,59.461000000000006,3745.6406869999996,Asia,Iraq
1997,20775703.0,58.81100000000001,3076.239795,Asia,Iraq
2002,24001816.0,57.04600000000001,4390.717312,Asia,Iraq
2007,27499638.0,59.545,4471.061906,Asia,Iraq
1952,2952156.0,66.91,5210.280328,Europe,Ireland
1957,2878220.0,68.9,5599.077872,Europe,Ireland
1962,2830000.0,70.29,6631.597314,Europe,Ireland
1967,2900100.0,71.08,7655.568963,Europe,Ireland
1972,3024400.0,71.28,9530.772895999999,Europe,Ireland
1977,3271900.0,72.03,11150.98113,Europe,Ireland
1982,3480000.0,73.1,12618.321409999999,Europe,Ireland
1987,3539900.0,74.36,13872.86652,Europe,Ireland
1992,3557761.0,75.467,17558.81555,Europe,Ireland
1997,3667233.0,76.122,24521.94713,Europe,Ireland
2002,3879155.0,77.783,34077.04939,Europe,Ireland
2007,4109086.0,78.885,40675.99635,Europe,Ireland
1952,1620914.0,65.39,4086.522128,Asia,Israel
1957,1944401.0,67.84,5385.278451,Asia,Israel
1962,2310904.0,69.39,7105.630706,Asia,Israel
1967,2693585.0,70.75,8393.741404,Asia,Israel
1972,3095893.0,71.63,12786.93223,Asia,Israel
1977,3495918.0,73.06,13306.619209999999,Asia,Israel
1982,3858421.0,74.45,15367.0292,Asia,Israel
1987,4203148.0,75.6,17122.47986,Asia,Israel
1992,4936550.0,76.93,18051.52254,Asia,Israel
1997,5531387.0,78.26899999999999,20896.60924,Asia,Israel
2002,6029529.0,79.696,21905.59514,Asia,Israel
2007,6426679.0,80.745,25523.2771,Asia,Israel
1952,47666000.0,65.94,4931.404154999999,Europe,Italy
1957,49182000.0,67.81,6248.656232,Europe,Italy
1962,50843200.0,69.24,8243.58234,Europe,Italy
1967,52667100.0,71.06,10022.40131,Europe,Italy
1972,54365564.0,72.19,12269.27378,Europe,Italy
1977,56059245.0,73.48,14255.98475,Europe,Italy
1982,56535636.0,74.98,16537.4835,Europe,Italy
1987,56729703.0,76.42,19207.234819999998,Europe,Italy
1992,56840847.0,77.44,22013.64486,Europe,Italy
1997,57479469.0,78.82,24675.02446,Europe,Italy
2002,57926999.0,80.24,27968.098169999997,Europe,Italy
2007,58147733.0,80.546,28569.7197,Europe,Italy
1952,1426095.0,58.53,2898.5308809999997,Americas,Jamaica
1957,1535090.0,62.61,4756.525781,Americas,Jamaica
1962,1665128.0,65.61,5246.107524,Americas,Jamaica
1967,1861096.0,67.51,6124.703450999999,Americas,Jamaica
1972,1997616.0,69.0,7433.889293000001,Americas,Jamaica
1977,2156814.0,70.11,6650.195573,Americas,Jamaica
1982,2298309.0,71.21,6068.05135,Americas,Jamaica
1987,2326606.0,71.77,6351.237495,Americas,Jamaica
1992,2378618.0,71.766,7404.923685,Americas,Jamaica
1997,2531311.0,72.262,7121.924704000001,Americas,Jamaica
2002,2664659.0,72.047,6994.774861,Americas,Jamaica
2007,2780132.0,72.567,7320.880262000001,Americas,Jamaica
1952,86459025.0,63.03,3216.956347,Asia,Japan
1957,91563009.0,65.5,4317.694365,Asia,Japan
1962,95831757.0,68.73,6576.649461,Asia,Japan
1967,100825279.0,71.43,9847.788606999999,Asia,Japan
1972,107188273.0,73.42,14778.78636,Asia,Japan
1977,113872473.0,75.38,16610.37701,Asia,Japan
1982,118454974.0,77.11,19384.10571,Asia,Japan
1987,122091325.0,78.67,22375.941890000002,Asia,Japan
1992,124329269.0,79.36,26824.895109999998,Asia,Japan
1997,125956499.0,80.69,28816.58499,Asia,Japan
2002,127065841.0,82.0,28604.5919,Asia,Japan
2007,127467972.0,82.603,31656.06806,Asia,Japan
1952,607914.0,43.158,1546.907807,Asia,Jordan
1957,746559.0,45.669,1886.080591,Asia,Jordan
1962,933559.0,48.126000000000005,2348.009158,Asia,Jordan
1967,1255058.0,51.629,2741.796252,Asia,Jordan
1972,1613551.0,56.528,2110.856309,Asia,Jordan
1977,1937652.0,61.13399999999999,2852.351568,Asia,Jordan
1982,2347031.0,63.739,4161.415959,Asia,Jordan
1987,2820042.0,65.869,4448.679912,Asia,Jordan
1992,3867409.0,68.015,3431.5936469999997,Asia,Jordan
1997,4526235.0,69.77199999999999,3645.379572,Asia,Jordan
2002,5307470.0,71.263,3844.9171939999997,Asia,Jordan
2007,6053193.0,72.535,4519.461171,    Asia,Jordan
1952,6464046.0,42.27,853.5409189999999,Africa,Kenya
1957,7454779.0,44.68600000000001,944.4383152,Africa,Kenya
1962,8678557.0,47.949,896.9663732,Africa,Kenya
1967,10191512.0,50.653999999999996,1056.736457,Africa,Kenya
1972,12044785.0,53.559,1222.359968,Africa,Kenya
1977,14500404.0,56.155,1267.613204,Africa,Kenya
1982,17661452.0,58.766000000000005,1348.225791,Africa,Kenya
1987,21198082.0,59.339,1361.936856,Africa,Kenya
1992,25020539.0,59.285,1341.9217210000002,Africa,Kenya
1997,28263827.0,54.407,1360.4850210000002,Africa,Kenya
2002,31386842.0,50.992,1287.514732,Africa,Kenya
2007,35610177.0,54.11,1463.249282,Africa,Kenya
1952,8865488.0,50.056000000000004,1088.277758,    Asia,"Korea, Dem. Rep."
1957,9411381.0,54.081,1571.134655,    Asia,"Korea, Dem. Rep."
1962,10917494.0,56.656000000000006,1621.693598,Asia,"Korea, Dem. Rep."
1967,12617009.0,59.942,2143.540609,Asia,"Korea, Dem. Rep."
1972,14781241.0,63.983000000000004,3701.6215030000003,Asia,"Korea, Dem. Rep."
1977,16325320.0,67.15899999999999,4106.301249,Asia,"Korea, Dem. Rep."
1982,17647518.0,69.1,4106.525293,Asia,"Korea, Dem. Rep."
1987,19067554.0,70.64699999999999,4106.4923149999995,Asia,"Korea, Dem. Rep."
1992,20711375.0,69.97800000000001,3726.063507,Asia,"Korea, Dem. Rep."
1997,21585105.0,67.727,1690.756814,Asia,"Korea, Dem. Rep."
2002,22215365.0,66.66199999999999,1646.758151,Asia,"Korea, Dem. Rep."
2007,23301725.0,67.297,1593.06548,Asia,"Korea, Dem. Rep."
1952,20947571.0,47.453,1030.592226,Asia,"Korea, Rep."
1957,22611552.0,52.681000000000004,1487.593537,Asia,"Korea, Rep."
1962,26420307.0,55.292,1536.3443869999999,Asia,"Korea, Rep."
1967,30131000.0,57.716,2029.2281420000002,Asia,"Korea, Rep."
1972,33505000.0,62.611999999999995,3030.87665,Asia,"Korea, Rep."
1977,36436000.0,64.766,4657.22102,Asia,"Korea, Rep."
1982,39326000.0,67.123,5622.942464,Asia,"Korea, Rep."
1987,41622000.0,69.81,8533.088805,Asia,"Korea, Rep."
1992,43805450.0,72.244,12104.27872,Asia,"Korea, Rep."
1997,46173816.0,74.64699999999999,15993.52796,Asia,"Korea, Rep."
2002,47969150.0,77.045,19233.98818,Asia,"Korea, Rep."
2007,49044790.0,78.623,23348.139730000003,Asia,"Korea, Rep."
1952,160000.0,55.565,108382.3529,Asia,Kuwait
1957,212846.0,58.033,113523.1329,Asia,Kuwait
1962,358266.0,60.47,95458.11176,Asia,Kuwait
1967,575003.0,64.624,80894.88326,Asia,Kuwait
1972,841934.0,67.712,109347.867,Asia,Kuwait
1977,1140357.0,69.343,59265.477139999995,Asia,Kuwait
1982,1497494.0,71.309,31354.03573,Asia,Kuwait
1987,1891487.0,74.17399999999999,28118.42998,Asia,Kuwait
1992,1418095.0,75.19,34932.91959,Asia,Kuwait
1997,1765345.0,76.156,40300.61996,Asia,Kuwait
2002,2111561.0,76.904,35110.10566,Asia,Kuwait
2007,2505559.0,77.58800000000001,47306.98978,Asia,Kuwait
1952,1439529.0,55.928000000000004,4834.804067,Asia,Lebanon
1957,1647412.0,59.489,6089.786934000001,Asia,Lebanon
1962,1886848.0,62.093999999999994,5714.560611,Asia,Lebanon
1967,2186894.0,63.87,6006.983042,Asia,Lebanon
1972,2680018.0,65.421,7486.384341,Asia,Lebanon
1977,3115787.0,66.09899999999999,8659.696836,Asia,Lebanon
1982,3086876.0,66.983,7640.519520999999,Asia,Lebanon
1987,3089353.0,67.926,5377.091329,Asia,Lebanon
1992,3219994.0,69.292,6890.806854,Asia,Lebanon
1997,3430388.0,70.265,8754.96385,Asia,Lebanon
2002,3677780.0,71.028,9313.93883,Asia,Lebanon
2007,3921278.0,71.993,10461.05868,Asia,Lebanon
1952,748747.0,42.138000000000005,298.8462121,Africa,Lesotho
1957,813338.0,45.047,335.99711510000003,Africa,Lesotho
1962,893143.0,47.747,411.80062660000004,Africa,Lesotho
1967,996380.0,48.492,498.63902649999994,Africa,Lesotho
1972,1116779.0,49.766999999999996,496.58159220000005,Africa,Lesotho
1977,1251524.0,52.208,745.3695408,Africa,Lesotho
1982,1411807.0,55.078,797.2631074,Africa,Lesotho
1987,1599200.0,57.18,773.9932140999999,Africa,Lesotho
1992,1803195.0,59.685,977.4862724999999,Africa,Lesotho
1997,1982823.0,55.558,1186.147994,Africa,Lesotho
2002,2046772.0,44.593,1275.184575,Africa,Lesotho
2007,2012649.0,42.592,1569.331442,Africa,Lesotho
1952,863308.0,38.48,575.5729961000001,Africa,Liberia
1957,975950.0,39.486,620.9699901,Africa,Liberia
1962,1112796.0,40.501999999999995,634.1951625,Africa,Liberia
1967,1279406.0,41.536,713.6036482999999,Africa,Liberia
1972,1482628.0,42.614,803.0054535,Africa,Liberia
1977,1703617.0,43.763999999999996,640.3224382999999,Africa,Liberia
1982,1956875.0,44.852,572.1995694,Africa,Liberia
1987,2269414.0,46.027,506.1138573,Africa,Liberia
1992,1912974.0,40.802,636.6229191000001,Africa,Liberia
1997,2200725.0,42.221000000000004,609.1739508,Africa,Liberia
2002,2814651.0,43.753,531.4823679,Africa,Liberia
2007,3193942.0,45.678000000000004,414.5073415,Africa,Liberia
1952,1019729.0,42.723,2387.54806,Africa,Libya
1957,1201578.0,45.288999999999994,3448.284395,Africa,Libya
1962,1441863.0,47.808,6757.0308159999995,Africa,Libya
1967,1759224.0,50.227,18772.75169,Africa,Libya
1972,2183877.0,52.773,21011.497209999998,Africa,Libya
1977,2721783.0,57.442,21951.21176,Africa,Libya
1982,3344074.0,62.155,17364.275380000003,Africa,Libya
1987,3799845.0,66.234,11770.5898,Africa,Libya
1992,4364501.0,68.755,9640.138501000001,Africa,Libya
1997,4759670.0,71.555,9467.446056,Africa,Libya
2002,5368585.0,72.737,9534.677467,Africa,Libya
2007,6036914.0,73.952,12057.49928,Africa,Libya
1952,4762912.0,36.681,1443.011715,Africa,Madagascar
1957,5181679.0,38.865,1589.20275,Africa,Madagascar
1962,5703324.0,40.848,1643.38711,Africa,Madagascar
1967,6334556.0,42.881,1634.047282,Africa,Madagascar
1972,7082430.0,44.851000000000006,1748.562982,Africa,Madagascar
1977,8007166.0,46.881,1544.228586,Africa,Madagascar
1982,9171477.0,48.968999999999994,1302.878658,Africa,Madagascar
1987,10568642.0,49.35,1155.4419480000001,Africa,Madagascar
1992,12210395.0,52.214,1040.6761900000001,Africa,Madagascar
1997,14165114.0,54.978,986.2958956,Africa,Madagascar
2002,16473477.0,57.286,894.6370822,Africa,Madagascar
2007,19167654.0,59.443000000000005,1044.770126,Africa,Madagascar
1952,2917802.0,36.256,369.1650802,Africa,Malawi
1957,3221238.0,37.207,416.36980639999996,Africa,Malawi
1962,3628608.0,38.41,427.90108560000004,Africa,Malawi
1967,4147252.0,39.486999999999995,495.5147806,Africa,Malawi
1972,4730997.0,41.766000000000005,584.6219709,Africa,Malawi
1977,5637246.0,43.766999999999996,663.2236766,Africa,Malawi
1982,6502825.0,45.641999999999996,632.8039209,Africa,Malawi
1987,7824747.0,47.457,635.5173633999999,Africa,Malawi
1992,10014249.0,49.42,563.2000145,Africa,Malawi
1997,10419991.0,47.495,692.2758102999999,Africa,Malawi
2002,11824495.0,45.00899999999999,665.4231186000001,Africa,Malawi
2007,13327079.0,48.303000000000004,759.3499101,Africa,Malawi
1952,6748378.0,48.463,1831.132894,Asia,Malaysia
1957,7739235.0,52.102,1810.0669920000003,Asia,Malaysia
1962,8906385.0,55.736999999999995,2036.8849440000001,Asia,Malaysia
1967,10154878.0,59.371,2277.742396,Asia,Malaysia
1972,11441462.0,63.01,2849.09478,Asia,Malaysia
1977,12845381.0,65.256,3827.9215710000003,Asia,Malaysia
1982,14441916.0,68.0,4920.355951,Asia,Malaysia
1987,16331785.0,69.5,5249.802653,Asia,Malaysia
1992,18319502.0,70.693,7277.912802,Asia,Malaysia
1997,20476091.0,71.938,10132.90964,Asia,Malaysia
2002,22662365.0,73.044,10206.97794,Asia,Malaysia
2007,24821286.0,74.241,12451.6558,Asia,Malaysia
1952,3838168.0,33.685,452.3369807,Africa,Mali
1957,4241884.0,35.306999999999995,490.3821867,Africa,Mali
1962,4690372.0,36.936,496.17434280000003,Africa,Mali
1967,5212416.0,38.486999999999995,545.0098873,Africa,Mali
1972,5828158.0,39.977,581.3688761,Africa,Mali
1977,6491649.0,41.714,686.3952693,Africa,Mali
1982,6998256.0,43.916000000000004,618.0140640999999,Africa,Mali
1987,7634008.0,46.364,684.1715576,Africa,Mali
1992,8416215.0,48.388000000000005,739.014375,Africa,Mali
1997,9384984.0,49.903,790.2579846,Africa,Mali
2002,10580176.0,51.818000000000005,951.4097517999999,Africa,Mali
2007,12031795.0,54.467,1042.581557,Africa,Mali
1952,1022556.0,40.543,743.1159097,Africa,Mauritania
1957,1076852.0,42.338,846.1202613,Africa,Mauritania
1962,1146757.0,44.248000000000005,1055.8960359999999,Africa,Mauritania
1967,1230542.0,46.288999999999994,1421.145193,Africa,Mauritania
1972,1332786.0,48.437,1586.851781,Africa,Mauritania
1977,1456688.0,50.852,1497.492223,Africa,Mauritania
1982,1622136.0,53.599,1481.150189,Africa,Mauritania
1987,1841240.0,56.145,1421.603576,Africa,Mauritania
1992,2119465.0,58.333,1361.369784,Africa,Mauritania
1997,2444741.0,60.43,1483.1361359999999,Africa,Mauritania
2002,2828858.0,62.247,1579.0195429999999,Africa,Mauritania
2007,3270065.0,64.164,1803.1514960000002,Africa,Mauritania
1952,516556.0,50.986000000000004,1967.955707,Africa,Mauritius
1957,609816.0,58.089,2034.037981,Africa,Mauritius
1962,701016.0,60.246,2529.0674870000003,Africa,Mauritius
1967,789309.0,61.556999999999995,2475.387562,Africa,Mauritius
1972,851334.0,62.943999999999996,2575.4841579999998,Africa,Mauritius
1977,913025.0,64.93,3710.9829630000004,Africa,Mauritius
1982,992040.0,66.711,3688.037739,Africa,Mauritius
1987,1042663.0,68.74,4783.586903,Africa,Mauritius
1992,1096202.0,69.745,6058.2538460000005,Africa,Mauritius
1997,1149818.0,70.736,7425.705295000001,Africa,Mauritius
2002,1200206.0,71.954,9021.815894,Africa,Mauritius
2007,1250882.0,72.801,10956.99112,Africa,Mauritius
1952,30144317.0,50.788999999999994,3478.125529,Americas,Mexico
1957,35015548.0,55.19,4131.546641,Americas,Mexico
1962,41121485.0,58.299,4581.609385,Americas,Mexico
1967,47995559.0,60.11,5754.733883,Americas,Mexico
1972,55984294.0,62.361000000000004,6809.406690000001,Americas,Mexico
1977,63759976.0,65.032,7674.929108,Americas,Mexico
1982,71640904.0,67.405,9611.147541,Americas,Mexico
1987,80122492.0,69.498,8688.156003,Americas,Mexico
1992,88111030.0,71.455,9472.384295,Americas,Mexico
1997,95895146.0,73.67,9767.29753,Americas,Mexico
2002,102479927.0,74.902,10742.44053,Americas,Mexico
2007,108700891.0,76.195,11977.57496,Americas,Mexico
1952,800663.0,42.244,786.5668575,Asia,Mongolia
1957,882134.0,45.248000000000005,912.6626085,Asia,Mongolia
1962,1010280.0,48.251000000000005,1056.353958,Asia,Mongolia
1967,1149500.0,51.253,1226.04113,Asia,Mongolia
1972,1320500.0,53.754,1421.741975,Asia,Mongolia
1977,1528000.0,55.49100000000001,1647.511665,Asia,Mongolia
1982,1756032.0,57.489,2000.603139,Asia,Mongolia
1987,2015133.0,60.222,2338.008304,Asia,Mongolia
1992,2312802.0,61.271,1785.402016,Asia,Mongolia
1997,2494803.0,63.625,1902.2521,Asia,Mongolia
2002,2674234.0,65.033,2140.7393230000002,Asia,Mongolia
2007,2874127.0,66.803,3095.7722710000003,Asia,Mongolia
1952,413834.0,59.163999999999994,2647.585601,Europe,Montenegro
1957,442829.0,61.448,3682.259903,Europe,Montenegro
1962,474528.0,63.728,4649.593785,Europe,Montenegro
1967,501035.0,67.178,5907.850937,Europe,Montenegro
1972,527678.0,70.63600000000001,7778.414017,Europe,Montenegro
1977,560073.0,73.066,9595.929904999999,Europe,Montenegro
1982,562548.0,74.101,11222.58762,Europe,Montenegro
1987,569473.0,74.865,11732.51017,Europe,Montenegro
1992,621621.0,75.435,7003.339037000001,Europe,Montenegro
1997,692651.0,75.445,6465.613349,Europe,Montenegro
2002,720230.0,73.98100000000001,6557.194282,Europe,Montenegro
2007,684736.0,74.543,9253.896111,Europe,Montenegro
1952,9939217.0,42.873000000000005,1688.20357,Africa,Morocco
1957,11406350.0,45.423,1642.002314,Africa,Morocco
1962,13056604.0,47.924,1566.353493,Africa,Morocco
1967,14770296.0,50.335,1711.04477,Africa,Morocco
1972,16660670.0,52.861999999999995,1930.194975,Africa,Morocco
1977,18396941.0,55.73,2370.619976,Africa,Morocco
1982,20198730.0,59.65,2702.620356,Africa,Morocco
1987,22987397.0,62.677,2755.046991,Africa,Morocco
1992,25798239.0,65.393,2948.047252,Africa,Morocco
1997,28529501.0,67.66,2982.101858,Africa,Morocco
2002,31167783.0,69.615,3258.495584,Africa,Morocco
2007,33757175.0,71.164,3820.17523,Africa,Morocco
1952,6446316.0,31.285999999999998,468.5260381,Africa,Mozambique
1957,7038035.0,33.779,495.5868333000001,Africa,Mozambique
1962,7788944.0,36.161,556.6863539,Africa,Mozambique
1967,8680909.0,38.113,566.6691539,Africa,Mozambique
1972,9809596.0,40.328,724.9178037,Africa,Mozambique
1977,11127868.0,42.495,502.31973339999996,Africa,Mozambique
1982,12587223.0,42.795,462.2114149,Africa,Mozambique
1987,12891952.0,42.861000000000004,389.87618460000004,Africa,Mozambique
1992,13160731.0,44.284,410.89682389999996,Africa,Mozambique
1997,16603334.0,46.343999999999994,472.34607710000006,Africa,Mozambique
2002,18473780.0,44.026,633.6179466,Africa,Mozambique
2007,19951656.0,42.082,823.6856205,Africa,Mozambique
1952,20092996.0,36.319,331.0,Asia,Myanmar
1957,21731844.0,41.905,350.0,Asia,Myanmar
1962,23634436.0,45.108000000000004,388.0,Asia,Myanmar
1967,25870271.0,49.379,349.0,Asia,Myanmar
1972,28466390.0,53.07,357.0,Asia,Myanmar
1977,31528087.0,56.059,371.0,Asia,Myanmar
1982,34680442.0,58.056000000000004,424.0,Asia,Myanmar
1987,38028578.0,58.339,385.0,Asia,Myanmar
1992,40546538.0,59.32,347.0,Asia,Myanmar
1997,43247867.0,60.328,415.0,Asia,Myanmar
2002,45598081.0,59.908,611.0,Asia,Myanmar
2007,47761980.0,62.068999999999996,944.0,Asia,Myanmar
1952,485831.0,41.725,2423.780443,Africa,Namibia
1957,548080.0,45.226000000000006,2621.448058,Africa,Namibia
1962,621392.0,48.386,3173.215595,Africa,Namibia
1967,706640.0,51.159,3793.694753,Africa,Namibia
1972,821782.0,53.867,3746.080948,Africa,Namibia
1977,977026.0,56.437,3876.4859579999998,Africa,Namibia
1982,1099010.0,58.968,4191.100511,Africa,Namibia
1987,1278184.0,60.835,3693.7313369999997,Africa,Namibia
1992,1554253.0,61.998999999999995,3804.537999,Africa,Namibia
1997,1774766.0,58.909,3899.52426,Africa,Namibia
2002,1972153.0,51.479,4072.3247509999997,Africa,Namibia
2007,2055080.0,52.906000000000006,4811.060429,Africa,Namibia
1952,9182536.0,36.157,545.8657228999999,Asia,Nepal
1957,9682338.0,37.686,597.9363557999999,Asia,Nepal
1962,10332057.0,39.393,652.3968593,Asia,Nepal
1967,11261690.0,41.472,676.4422254,Asia,Nepal
1972,12412593.0,43.971000000000004,674.7881296,Asia,Nepal
1977,13933198.0,46.748000000000005,694.1124398,Asia,Nepal
1982,15796314.0,49.593999999999994,718.3730947,Asia,Nepal
1987,17917180.0,52.537,775.6324501,Asia,Nepal
1992,20326209.0,55.727,897.7403604,Asia,Nepal
1997,23001113.0,59.426,1010.892138,Asia,Nepal
2002,25873917.0,61.34,1057.206311,Asia,Nepal
2007,28901790.0,63.785,1091.359778,Asia,Nepal
1952,10381988.0,72.13,8941.571858,Europe,Netherlands
1957,11026383.0,72.99,11276.193440000001,Europe,Netherlands
1962,11805689.0,73.23,12790.849559999999,Europe,Netherlands
1967,12596822.0,73.82,15363.25136,Europe,Netherlands
1972,13329874.0,73.75,18794.74567,Europe,Netherlands
1977,13852989.0,75.24,21209.0592,Europe,Netherlands
1982,14310401.0,76.05,21399.46046,Europe,Netherlands
1987,14665278.0,76.83,23651.32361,Europe,Netherlands
1992,15174244.0,77.42,26790.94961,Europe,Netherlands
1997,15604464.0,78.03,30246.13063,Europe,Netherlands
2002,16122830.0,78.53,33724.75778,Europe,Netherlands
2007,16570613.0,79.762,36797.93332,Europe,Netherlands
1952,1994794.0,69.39,10556.575659999999,Oceania,New Zealand
1957,2229407.0,70.26,12247.39532,Oceania,New Zealand
1962,2488550.0,71.24,13175.678,Oceania,New Zealand
1967,2728150.0,71.52,14463.918930000002,Oceania,New Zealand
1972,2929100.0,71.89,16046.03728,Oceania,New Zealand
1977,3164900.0,72.22,16233.7177,Oceania,New Zealand
1982,3210650.0,73.84,17632.4104,Oceania,New Zealand
1987,3317166.0,74.32,19007.19129,Oceania,New Zealand
1992,3437674.0,76.33,18363.324940000002,Oceania,New Zealand
1997,3676187.0,77.55,21050.41377,Oceania,New Zealand
2002,3908037.0,79.11,23189.80135,Oceania,New Zealand
2007,4115771.0,80.204,25185.00911,Oceania,New Zealand
1952,1165790.0,42.31399999999999,3112.363948,Americas,Nicaragua
1957,1358828.0,45.431999999999995,3457.415947,Americas,Nicaragua
1962,1590597.0,48.632,3634.364406,Americas,Nicaragua
1967,1865490.0,51.88399999999999,4643.393534000001,Americas,Nicaragua
1972,2182908.0,55.151,4688.593267,Americas,Nicaragua
1977,2554598.0,57.47,5486.371089,Americas,Nicaragua
1982,2979423.0,59.298,3470.3381560000003,Americas,Nicaragua
1987,3344353.0,62.008,2955.984375,Americas,Nicaragua
1992,4017939.0,65.843,2170.151724,Americas,Nicaragua
1997,4609572.0,68.426,2253.023004,Americas,Nicaragua
2002,5146848.0,70.836,2474.548819,Americas,Nicaragua
2007,5675356.0,72.899,2749.320965,Americas,Nicaragua
1952,3379468.0,37.444,761.879376,Africa,Niger
1957,3692184.0,38.598,835.5234025000001,Africa,Niger
1962,4076008.0,39.486999999999995,997.7661127,Africa,Niger
1967,4534062.0,40.118,1054.384891,Africa,Niger
1972,5060262.0,40.546,954.2092363,Africa,Niger
1977,5682086.0,41.291000000000004,808.8970727999999,Africa,Niger
1982,6437188.0,42.598,909.7221354000001,Africa,Niger
1987,7332638.0,44.555,668.3000228,Africa,Niger
1992,8392818.0,47.391000000000005,581.182725,Africa,Niger
1997,9666252.0,51.313,580.3052092,Africa,Niger
2002,11140655.0,54.496,601.0745012,Africa,Niger
2007,12894865.0,56.867,619.6768923999999,Africa,Niger
1952,33119096.0,36.324,1077.281856,Africa,Nigeria
1957,37173340.0,37.802,1100.5925630000002,Africa,Nigeria
1962,41871351.0,39.36,1150.9274779999998,Africa,Nigeria
1967,47287752.0,41.04,1014.5141039999999,Africa,Nigeria
1972,53740085.0,42.821000000000005,1698.3888379999999,Africa,Nigeria
1977,62209173.0,44.513999999999996,1981.9518059999998,Africa,Nigeria
1982,73039376.0,45.826,1576.97375,Africa,Nigeria
1987,81551520.0,46.886,1385.029563,Africa,Nigeria
1992,93364244.0,47.472,1619.848217,Africa,Nigeria
1997,106207839.0,47.464,1624.941275,Africa,Nigeria
2002,119901274.0,46.608000000000004,1615.2863949999999,Africa,Nigeria
2007,135031164.0,46.858999999999995,2013.9773050000001,Africa,Nigeria
1952,3327728.0,72.67,10095.42172,Europe,Norway
1957,3491938.0,73.44,11653.97304,Europe,Norway
1962,3638919.0,73.47,13450.40151,Europe,Norway
1967,3786019.0,74.08,16361.87647,Europe,Norway
1972,3933004.0,74.34,18965.05551,Europe,Norway
1977,4043205.0,75.37,23311.34939,Europe,Norway
1982,4114787.0,75.97,26298.635309999998,Europe,Norway
1987,4186147.0,75.89,31540.9748,Europe,Norway
1992,4286357.0,77.32,33965.66115,Europe,Norway
1997,4405672.0,78.32,41283.16433,Europe,Norway
2002,4535591.0,79.05,44683.97525,Europe,Norway
2007,4627926.0,80.196,49357.19017,Europe,Norway
1952,507833.0,37.578,1828.230307,Asia,Oman
1957,561977.0,40.08,2242.746551,Asia,Oman
1962,628164.0,43.165,2924.638113,Asia,Oman
1967,714775.0,46.988,4720.942687,Asia,Oman
1972,829050.0,52.143,10618.03855,Asia,Oman
1977,1004533.0,57.367,11848.343920000001,Asia,Oman
1982,1301048.0,62.728,12954.791009999999,Asia,Oman
1987,1593882.0,67.734,18115.223130000002,Asia,Oman
1992,1915208.0,71.197,18616.70691,Asia,Oman
1997,2283635.0,72.499,19702.055809999998,Asia,Oman
2002,2713462.0,74.193,19774.83687,Asia,Oman
2007,3204897.0,75.64,22316.19287,Asia,Oman
1952,41346560.0,43.43600000000001,684.5971437999999,Asia,Pakistan
1957,46679944.0,45.556999999999995,747.0835292,Asia,Pakistan
1962,53100671.0,47.67,803.3427418,Asia,Pakistan
1967,60641899.0,49.8,942.4082588,Asia,Pakistan
1972,69325921.0,51.928999999999995,1049.938981,Asia,Pakistan
1977,78152686.0,54.043,1175.921193,Asia,Pakistan
1982,91462088.0,56.158,1443.429832,Asia,Pakistan
1987,105186881.0,58.245,1704.686583,Asia,Pakistan
1992,120065004.0,60.838,1971.8294640000001,Asia,Pakistan
1997,135564834.0,61.818000000000005,2049.3505210000003,Asia,Pakistan
2002,153403524.0,63.61,2092.712441,Asia,Pakistan
2007,169270617.0,65.483,2605.94758,Asia,Pakistan
1952,940080.0,55.191,2480.380334,Americas,Panama
1957,1063506.0,59.201,2961.800905,Americas,Panama
1962,1215725.0,61.817,3536.540301,Americas,Panama
1967,1405486.0,64.071,4421.009084,Americas,Panama
1972,1616384.0,66.21600000000001,5364.2496630000005,Americas,Panama
1977,1839782.0,68.681,5351.912144,Americas,Panama
1982,2036305.0,70.472,7009.601598,Americas,Panama
1987,2253639.0,71.523,7034.779161,Americas,Panama
1992,2484997.0,72.462,6618.74305,Americas,Panama
1997,2734531.0,73.738,7113.692252,Americas,Panama
2002,2990875.0,74.712,7356.031934000001,Americas,Panama
2007,3242173.0,75.53699999999999,9809.185636,Americas,Panama
1952,1555876.0,62.648999999999994,1952.3087010000002,Americas,Paraguay
1957,1770902.0,63.196000000000005,2046.1547059999998,Americas,Paraguay
1962,2009813.0,64.361,2148.027146,Americas,Paraguay
1967,2287985.0,64.95100000000001,2299.376311,Americas,Paraguay
1972,2614104.0,65.815,2523.337977,Americas,Paraguay
1977,2984494.0,66.35300000000001,3248.373311,Americas,Paraguay
1982,3366439.0,66.874,4258.5036039999995,Americas,Paraguay
1987,3886512.0,67.378,3998.875695,Americas,Paraguay
1992,4483945.0,68.225,4196.411078,Americas,Paraguay
1997,5154123.0,69.4,4247.400261,Americas,Paraguay
2002,5884491.0,70.755,3783.674243,Americas,Paraguay
2007,6667147.0,71.752,4172.838464,Americas,Paraguay
1952,8025700.0,43.902,3758.523437,Americas,Peru
1957,9146100.0,46.263000000000005,4245.256697999999,Americas,Peru
1962,10516500.0,49.096000000000004,4957.037982,Americas,Peru
1967,12132200.0,51.445,5788.09333,Americas,Peru
1972,13954700.0,55.448,5937.827283,Americas,Peru
1977,15990099.0,58.446999999999996,6281.290854999999,Americas,Peru
1982,18125129.0,61.406000000000006,6434.501797,Americas,Peru
1987,20195924.0,64.134,6360.9434439999995,Americas,Peru
1992,22430449.0,66.458,4446.380924,Americas,Peru
1997,24748122.0,68.38600000000001,5838.347657,Americas,Peru
2002,26769436.0,69.906,5909.020073,Americas,Peru
2007,28674757.0,71.421,7408.905561,Americas,Peru
1952,22438691.0,47.751999999999995,1272.880995,Asia,Philippines
1957,26072194.0,51.333999999999996,1547.9448439999999,Asia,Philippines
1962,30325264.0,54.757,1649.5521529999999,Asia,Philippines
1967,35356600.0,56.393,1814.12743,Asia,Philippines
1972,40850141.0,58.065,1989.3740699999998,Asia,Philippines
1977,46850962.0,60.06,2373.204287,Asia,Philippines
1982,53456774.0,62.082,2603.273765,Asia,Philippines
1987,60017788.0,64.15100000000001,2189.634995,Asia,Philippines
1992,67185766.0,66.458,2279.3240170000004,Asia,Philippines
1997,75012988.0,68.564,2536.534925,Asia,Philippines
2002,82995088.0,70.303,2650.921068,Asia,Philippines
2007,91077287.0,71.688,3190.481016,Asia,Philippines
1952,25730551.0,61.31,4029.3296990000003,Europe,Poland
1957,28235346.0,65.77,4734.253019,Europe,Poland
1962,30329617.0,67.64,5338.752143,Europe,Poland
1967,31785378.0,69.61,6557.152776,Europe,Poland
1972,33039545.0,70.85,8006.506993000001,Europe,Poland
1977,34621254.0,70.67,9508.141454,Europe,Poland
1982,36227381.0,71.32,8451.531004,Europe,Poland
1987,37740710.0,70.98,9082.351172,Europe,Poland
1992,38370697.0,70.99,7738.881247,Europe,Poland
1997,38654957.0,72.75,10159.58368,Europe,Poland
2002,38625976.0,74.67,12002.23908,Europe,Poland
2007,38518241.0,75.563,15389.924680000002,Europe,Poland
1952,8526050.0,59.82,3068.319867,Europe,Portugal
1957,8817650.0,61.51,3774.571743,Europe,Portugal
1962,9019800.0,64.39,4727.954889,Europe,Portugal
1967,9103000.0,66.6,6361.517993,Europe,Portugal
1972,8970450.0,69.26,9022.247417,Europe,Portugal
1977,9662600.0,70.41,10172.48572,Europe,Portugal
1982,9859650.0,72.77,11753.84291,Europe,Portugal
1987,9915289.0,74.06,13039.30876,Europe,Portugal
1992,9927680.0,74.86,16207.266630000002,Europe,Portugal
1997,10156415.0,75.97,17641.03156,Europe,Portugal
2002,10433867.0,77.29,19970.90787,Europe,Portugal
2007,10642836.0,78.098,20509.64777,Europe,Portugal
1952,2227000.0,64.28,3081.959785,Americas,Puerto Rico
1957,2260000.0,68.54,3907.1561890000003,Americas,Puerto Rico
1962,2448046.0,69.62,5108.34463,Americas,Puerto Rico
1967,2648961.0,71.1,6929.277714,Americas,Puerto Rico
1972,2847132.0,72.16,9123.041742,Americas,Puerto Rico
1977,3080828.0,73.44,9770.524921,Americas,Puerto Rico
1982,3279001.0,73.75,10330.98915,Americas,Puerto Rico
1987,3444468.0,74.63,12281.34191,Americas,Puerto Rico
1992,3585176.0,73.911,14641.587109999999,Americas,Puerto Rico
1997,3759430.0,74.917,16999.4333,Americas,Puerto Rico
2002,3859606.0,77.778,18855.606180000002,Americas,Puerto Rico
2007,3942491.0,78.74600000000001,19328.70901,Americas,Puerto Rico
1952,257700.0,52.724,2718.885295,Africa,Reunion
1957,308700.0,55.09,2769.451844,Africa,Reunion
1962,358900.0,57.666000000000004,3173.72334,Africa,Reunion
1967,414024.0,60.542,4021.1757390000002,Africa,Reunion
1972,461633.0,64.274,5047.658563,Africa,Reunion
1977,492095.0,67.064,4319.804067,Africa,Reunion
1982,517810.0,69.885,5267.219353,Africa,Reunion
1987,562035.0,71.913,5303.377488,Africa,Reunion
1992,622191.0,73.615,6101.2558229999995,Africa,Reunion
1997,684810.0,74.77199999999999,6071.941411,Africa,Reunion
2002,743981.0,75.744,6316.1652,Africa,Reunion
2007,798094.0,76.442,7670.122558,Africa,Reunion
1952,16630000.0,61.05,3144.613186,Europe,Romania
1957,17829327.0,64.1,3943.370225,Europe,Romania
1962,18680721.0,66.8,4734.9975859999995,Europe,Romania
1967,19284814.0,66.8,6470.866545,Europe,Romania
1972,20662648.0,69.21,8011.414401999999,Europe,Romania
1977,21658597.0,69.46,9356.39724,Europe,Romania
1982,22356726.0,69.66,9605.314053,Europe,Romania
1987,22686371.0,69.53,9696.273295,Europe,Romania
1992,22797027.0,69.36,6598.409903,Europe,Romania
1997,22562458.0,69.72,7346.547556999999,Europe,Romania
2002,22404337.0,71.322,7885.360081,Europe,Romania
2007,22276056.0,72.476,10808.47561,Europe,Romania
1952,2534927.0,40.0,493.32387520000003,Africa,Rwanda
1957,2822082.0,41.5,540.2893982999999,Africa,Rwanda
1962,3051242.0,43.0,597.4730727000001,Africa,Rwanda
1967,3451079.0,44.1,510.9637142,Africa,Rwanda
1972,3992121.0,44.6,590.5806637999999,Africa,Rwanda
1977,4657072.0,45.0,670.0806011,Africa,Rwanda
1982,5507565.0,46.218,881.5706467,Africa,Rwanda
1987,6349365.0,44.02,847.991217,Africa,Rwanda
1992,7290203.0,23.599,737.0685949,Africa,Rwanda
1997,7212583.0,36.086999999999996,589.9445051,Africa,Rwanda
2002,7852401.0,43.413000000000004,785.6537647999999,Africa,Rwanda
2007,8860588.0,46.242,863.0884639000001,Africa,Rwanda
1952,60011.0,46.471000000000004,879.5835855,Africa,Sao Tome and Principe
1957,61325.0,48.945,860.7369026,Africa,Sao Tome and Principe
1962,65345.0,51.893,1071.551119,Africa,Sao Tome and Principe
1967,70787.0,54.425,1384.840593,Africa,Sao Tome and Principe
1972,76595.0,56.48,1532.985254,Africa,Sao Tome and Principe
1977,86796.0,58.55,1737.561657,Africa,Sao Tome and Principe
1982,98593.0,60.351000000000006,1890.2181170000001,Africa,Sao Tome and Principe
1987,110812.0,61.728,1516.525457,Africa,Sao Tome and Principe
1992,125911.0,62.742,1428.777814,Africa,Sao Tome and Principe
1997,145608.0,63.306000000000004,1339.076036,Africa,Sao Tome and Principe
2002,170372.0,64.337,1353.09239,Africa,Sao Tome and Principe
2007,199579.0,65.528,1598.435089,Africa,Sao Tome and Principe
1952,4005677.0,39.875,6459.5548229999995,Asia,Saudi Arabia
1957,4419650.0,42.868,8157.591248000001,Asia,Saudi Arabia
1962,4943029.0,45.913999999999994,11626.41975,Asia,Saudi Arabia
1967,5618198.0,49.901,16903.04886,Asia,Saudi Arabia
1972,6472756.0,53.886,24837.42865,Asia,Saudi Arabia
1977,8128505.0,58.69,34167.7626,Asia,Saudi Arabia
1982,11254672.0,63.012,33693.17525,Asia,Saudi Arabia
1987,14619745.0,66.295,21198.26136,Asia,Saudi Arabia
1992,16945857.0,68.768,24841.617769999997,Asia,Saudi Arabia
1997,21229759.0,70.533,20586.69019,Asia,Saudi Arabia
2002,24501530.0,71.626,19014.54118,Asia,Saudi Arabia
2007,27601038.0,72.777,21654.83194,Asia,Saudi Arabia
1952,2755589.0,37.278,1450.356983,Africa,Senegal
1957,3054547.0,39.329,1567.653006,Africa,Senegal
1962,3430243.0,41.45399999999999,1654.988723,Africa,Senegal
1967,3965841.0,43.563,1612.404632,Africa,Senegal
1972,4588696.0,45.815,1597.712056,Africa,Senegal
1977,5260855.0,48.879,1561.769116,Africa,Senegal
1982,6147783.0,52.379,1518.479984,Africa,Senegal
1987,7171347.0,55.769,1441.72072,Africa,Senegal
1992,8307920.0,58.196000000000005,1367.899369,Africa,Senegal
1997,9535314.0,60.187,1392.368347,Africa,Senegal
2002,10870037.0,61.6,1519.635262,Africa,Senegal
2007,12267493.0,63.062,1712.4721359999999,Africa,Senegal
1952,6860147.0,57.996,3581.4594479999996,Europe,Serbia
1957,7271135.0,61.685,4981.090891,Europe,Serbia
1962,7616060.0,64.531,6289.629157,Europe,Serbia
1967,7971222.0,66.914,7991.707066,Europe,Serbia
1972,8313288.0,68.7,10522.067490000001,Europe,Serbia
1977,8686367.0,70.3,12980.66956,Europe,Serbia
1982,9032824.0,70.16199999999999,15181.0927,Europe,Serbia
1987,9230783.0,71.218,15870.878509999999,Europe,Serbia
1992,9826397.0,71.65899999999999,9325.068238,Europe,Serbia
1997,10336594.0,72.232,7914.320304000001,Europe,Serbia
2002,10111559.0,73.21300000000001,7236.075251,Europe,Serbia
2007,10150265.0,74.002,9786.534714,Europe,Serbia
1952,2143249.0,30.331,879.7877358,Africa,Sierra Leone
1957,2295678.0,31.57,1004.484437,Africa,Sierra Leone
1962,2467895.0,32.766999999999996,1116.6398769999998,Africa,Sierra Leone
1967,2662190.0,34.113,1206.043465,Africa,Sierra Leone
1972,2879013.0,35.4,1353.759762,Africa,Sierra Leone
1977,3140897.0,36.788000000000004,1348.285159,Africa,Sierra Leone
1982,3464522.0,38.445,1465.010784,Africa,Sierra Leone
1987,3868905.0,40.006,1294.4477880000002,Africa,Sierra Leone
1992,4260884.0,38.333,1068.696278,Africa,Sierra Leone
1997,4578212.0,39.897,574.6481576,Africa,Sierra Leone
2002,5359092.0,41.012,699.4897129999999,Africa,Sierra Leone
2007,6144562.0,42.568000000000005,862.5407561000001,Africa,Sierra Leone
1952,1127000.0,60.396,2315.138227,Asia,Singapore
1957,1445929.0,63.178999999999995,2843.104409,Asia,Singapore
1962,1750200.0,65.798,3674.735572,Asia,Singapore
1967,1977600.0,67.946,4977.41854,Asia,Singapore
1972,2152400.0,69.521,8597.756202,Asia,Singapore
1977,2325300.0,70.795,11210.08948,Asia,Singapore
1982,2651869.0,71.76,15169.161119999999,Asia,Singapore
1987,2794552.0,73.56,18861.53081,Asia,Singapore
1992,3235865.0,75.788,24769.8912,Asia,Singapore
1997,3802309.0,77.158,33519.4766,Asia,Singapore
2002,4197776.0,78.77,36023.1054,Asia,Singapore
2007,4553009.0,79.972,47143.179639999995,Asia,Singapore
1952,3558137.0,64.36,5074.659104,Europe,Slovak Republic
1957,3844277.0,67.45,6093.2629799999995,Europe,Slovak Republic
1962,4237384.0,70.33,7481.1075980000005,Europe,Slovak Republic
1967,4442238.0,70.98,8412.902397,Europe,Slovak Republic
1972,4593433.0,70.35,9674.167626,Europe,Slovak Republic
1977,4827803.0,70.45,10922.664040000001,Europe,Slovak Republic
1982,5048043.0,70.8,11348.54585,Europe,Slovak Republic
1987,5199318.0,71.08,12037.26758,Europe,Slovak Republic
1992,5302888.0,71.38,9498.467723,Europe,Slovak Republic
1997,5383010.0,72.71,12126.23065,Europe,Slovak Republic
2002,5410052.0,73.8,13638.778369999998,Europe,Slovak Republic
2007,5447502.0,74.663,18678.31435,Europe,Slovak Republic
1952,1489518.0,65.57,4215.041741,Europe,Slovenia
1957,1533070.0,67.85,5862.276629,Europe,Slovenia
1962,1582962.0,69.15,7402.303395,Europe,Slovenia
1967,1646912.0,69.18,9405.489397,Europe,Slovenia
1972,1694510.0,69.82,12383.4862,Europe,Slovenia
1977,1746919.0,70.97,15277.030169999998,Europe,Slovenia
1982,1861252.0,71.063,17866.72175,Europe,Slovenia
1987,1945870.0,72.25,18678.53492,Europe,Slovenia
1992,1999210.0,73.64,14214.71681,Europe,Slovenia
1997,2011612.0,75.13,17161.10735,Europe,Slovenia
2002,2011497.0,76.66,20660.01936,Europe,Slovenia
2007,2009245.0,77.926,25768.25759,Europe,Slovenia
1952,2526994.0,32.978,1135.749842,Africa,Somalia
1957,2780415.0,34.977,1258.1474130000001,Africa,Somalia
1962,3080153.0,36.981,1369.488336,Africa,Somalia
1967,3428839.0,38.977,1284.7331800000002,Africa,Somalia
1972,3840161.0,40.973,1254.576127,Africa,Somalia
1977,4353666.0,41.974,1450.9925130000001,Africa,Somalia
1982,5828892.0,42.955,1176.807031,Africa,Somalia
1987,6921858.0,44.501000000000005,1093.244963,Africa,Somalia
1992,6099799.0,39.658,926.9602964,Africa,Somalia
1997,6633514.0,43.795,930.5964284,Africa,Somalia
2002,7753310.0,45.93600000000001,882.0818218000001,Africa,Somalia
2007,9118773.0,48.159,926.1410683,Africa,Somalia
1952,14264935.0,45.00899999999999,4725.295531000001,Africa,South Africa
1957,16151549.0,47.985,5487.104219,Africa,South Africa
1962,18356657.0,49.951,5768.729717,Africa,South Africa
1967,20997321.0,51.927,7114.477970999999,Africa,South Africa
1972,23935810.0,53.696000000000005,7765.962636,Africa,South Africa
1977,27129932.0,55.527,8028.651439,Africa,South Africa
1982,31140029.0,58.161,8568.266228,Africa,South Africa
1987,35933379.0,60.833999999999996,7825.823398,Africa,South Africa
1992,39964159.0,61.888000000000005,7225.0692579999995,Africa,South Africa
1997,42835005.0,60.236000000000004,7479.188244,Africa,South Africa
2002,44433622.0,53.365,7710.946444,Africa,South Africa
2007,43997828.0,49.339,9269.657808,Africa,South Africa
1952,28549870.0,64.94,3834.0347420000003,Europe,Spain
1957,29841614.0,66.66,4564.80241,Europe,Spain
1962,31158061.0,69.69,5693.843879,Europe,Spain
1967,32850275.0,71.44,7993.512294,Europe,Spain
1972,34513161.0,73.06,10638.75131,Europe,Spain
1977,36439000.0,74.39,13236.92117,Europe,Spain
1982,37983310.0,76.3,13926.169969999999,Europe,Spain
1987,38880702.0,76.9,15764.98313,Europe,Spain
1992,39549438.0,77.57,18603.06452,Europe,Spain
1997,39855442.0,78.77,20445.29896,Europe,Spain
2002,40152517.0,79.78,24835.47166,Europe,Spain
2007,40448191.0,80.941,28821.0637,Europe,Spain
1952,7982342.0,57.593,1083.53203,Asia,Sri Lanka
1957,9128546.0,61.456,1072.546602,Asia,Sri Lanka
1962,10421936.0,62.192,1074.4719599999999,Asia,Sri Lanka
1967,11737396.0,64.266,1135.514326,Asia,Sri Lanka
1972,13016733.0,65.042,1213.39553,Asia,Sri Lanka
1977,14116836.0,65.949,1348.775651,Asia,Sri Lanka
1982,15410151.0,68.757,1648.0797890000001,Asia,Sri Lanka
1987,16495304.0,69.01100000000001,1876.766827,Asia,Sri Lanka
1992,17587060.0,70.37899999999999,2153.7392219999997,Asia,Sri Lanka
1997,18698655.0,70.457,2664.477257,Asia,Sri Lanka
2002,19576783.0,70.815,3015.3788329999998,Asia,Sri Lanka
2007,20378239.0,72.396,3970.0954070000003,Asia,Sri Lanka
1952,8504667.0,38.635,1615.991129,Africa,Sudan
1957,9753392.0,39.624,1770.3370739999998,Africa,Sudan
1962,11183227.0,40.87,1959.593767,Africa,Sudan
1967,12716129.0,42.858000000000004,1687.997641,Africa,Sudan
1972,14597019.0,45.083,1659.652775,Africa,Sudan
1977,17104986.0,47.8,2202.9884230000002,Africa,Sudan
1982,20367053.0,50.338,1895.544073,Africa,Sudan
1987,24725960.0,51.744,1507.819159,Africa,Sudan
1992,28227588.0,53.556000000000004,1492.197043,Africa,Sudan
1997,32160729.0,55.373000000000005,1632.2107640000002,Africa,Sudan
2002,37090298.0,56.369,1993.398314,Africa,Sudan
2007,42292929.0,58.556000000000004,2602.394995,Africa,Sudan
1952,290243.0,41.407,1148.376626,Africa,Swaziland
1957,326741.0,43.424,1244.708364,Africa,Swaziland
1962,370006.0,44.992,1856.182125,Africa,Swaziland
1967,420690.0,46.633,2613.1016649999997,Africa,Swaziland
1972,480105.0,49.552,3364.836625,Africa,Swaziland
1977,551425.0,52.537,3781.410618,Africa,Swaziland
1982,649901.0,55.56100000000001,3895.384018,Africa,Swaziland
1987,779348.0,57.678000000000004,3984.8398119999997,Africa,Swaziland
1992,962344.0,58.474,3553.0224,Africa,Swaziland
1997,1054486.0,54.288999999999994,3876.7684600000002,Africa,Swaziland
2002,1130269.0,43.869,4128.116943,Africa,Swaziland
2007,1133066.0,39.613,4513.480643,Africa,Swaziland
1952,7124673.0,71.86,8527.844662000001,Europe,Sweden
1957,7363802.0,72.49,9911.878226,Europe,Sweden
1962,7561588.0,73.37,12329.441920000001,Europe,Sweden
1967,7867931.0,74.16,15258.29697,Europe,Sweden
1972,8122293.0,74.72,17832.02464,Europe,Sweden
1977,8251648.0,75.44,18855.72521,Europe,Sweden
1982,8325260.0,76.42,20667.38125,Europe,Sweden
1987,8421403.0,77.19,23586.92927,Europe,Sweden
1992,8718867.0,78.16,23880.01683,Europe,Sweden
1997,8897619.0,79.39,25266.59499,Europe,Sweden
2002,8954175.0,80.04,29341.630930000003,Europe,Sweden
2007,9031088.0,80.884,33859.74835,Europe,Sweden
1952,4815000.0,69.62,14734.23275,Europe,Switzerland
1957,5126000.0,70.56,17909.48973,Europe,Switzerland
1962,5666000.0,71.32,20431.0927,Europe,Switzerland
1967,6063000.0,72.77,22966.14432,Europe,Switzerland
1972,6401400.0,73.78,27195.113039999997,Europe,Switzerland
1977,6316424.0,75.39,26982.29052,Europe,Switzerland
1982,6468126.0,76.21,28397.715119999997,Europe,Switzerland
1987,6649942.0,77.41,30281.704589999998,Europe,Switzerland
1992,6995447.0,78.03,31871.5303,Europe,Switzerland
1997,7193761.0,79.37,32135.323010000004,Europe,Switzerland
2002,7361757.0,80.62,34480.95771,Europe,Switzerland
2007,7554661.0,81.70100000000001,37506.419069999996,Europe,Switzerland
1952,3661549.0,45.883,1643.485354,Asia,Syria
1957,4149908.0,48.284,2117.234893,Asia,Syria
1962,4834621.0,50.305,2193.037133,Asia,Syria
1967,5680812.0,53.655,1881.923632,Asia,Syria
1972,6701172.0,57.29600000000001,2571.423014,Asia,Syria
1977,7932503.0,61.195,3195.484582,Asia,Syria
1982,9410494.0,64.59,3761.8377149999997,Asia,Syria
1987,11242847.0,66.97399999999999,3116.774285,Asia,Syria
1992,13219062.0,69.249,3340.542768,Asia,Syria
1997,15081016.0,71.527,4014.238972,Asia,Syria
2002,17155814.0,73.053,4090.9253310000004,Asia,Syria
2007,19314747.0,74.143,4184.548089,Asia,Syria
1952,8550362.0,58.5,1206.947913,Asia,Taiwan
1957,10164215.0,62.4,1507.86129,Asia,Taiwan
1962,11918938.0,65.2,1822.879028,Asia,Taiwan
1967,13648692.0,67.5,2643.8586809999997,Asia,Taiwan
1972,15226039.0,69.39,4062.523897,Asia,Taiwan
1977,16785196.0,70.59,5596.519826,Asia,Taiwan
1982,18501390.0,72.16,7426.354773999999,Asia,Taiwan
1987,19757799.0,73.4,11054.56175,Asia,Taiwan
1992,20686918.0,74.26,15215.6579,Asia,Taiwan
1997,21628605.0,75.25,20206.82098,Asia,Taiwan
2002,22454239.0,76.99,23235.42329,Asia,Taiwan
2007,23174294.0,78.4,28718.27684,Asia,Taiwan
1952,8322925.0,41.215,716.6500721,Africa,Tanzania
1957,9452826.0,42.974,698.5356073,Africa,Tanzania
1962,10863958.0,44.246,722.0038073,Africa,Tanzania
1967,12607312.0,45.757,848.2186575,Africa,Tanzania
1972,14706593.0,47.62,915.9850592,Africa,Tanzania
1977,17129565.0,49.919,962.4922932,Africa,Tanzania
1982,19844382.0,50.608000000000004,874.2426069,Africa,Tanzania
1987,23040630.0,51.535,831.8220794,Africa,Tanzania
1992,26605473.0,50.44,825.682454,Africa,Tanzania
1997,30686889.0,48.466,789.1862231,Africa,Tanzania
2002,34593779.0,49.651,899.0742111,Africa,Tanzania
2007,38139640.0,52.516999999999996,1107.482182,Africa,Tanzania
1952,21289402.0,50.848,757.7974177,Asia,Thailand
1957,25041917.0,53.63,793.5774147999999,Asia,Thailand
1962,29263397.0,56.06100000000001,1002.1991720000001,Asia,Thailand
1967,34024249.0,58.285,1295.46066,Asia,Thailand
1972,39276153.0,60.405,1524.3589359999999,Asia,Thailand
1977,44148285.0,62.494,1961.2246350000003,Asia,Thailand
1982,48827160.0,64.597,2393.219781,Asia,Thailand
1987,52910342.0,66.084,2982.653773,Asia,Thailand
1992,56667095.0,67.298,4616.8965450000005,Asia,Thailand
1997,60216677.0,67.521,5852.625497,Asia,Thailand
2002,62806748.0,68.564,5913.187529,Asia,Thailand
2007,65068149.0,70.616,7458.3963269999995,Asia,Thailand
1952,1219113.0,38.596,859.8086567,Africa,Togo
1957,1357445.0,41.208,925.9083201999999,Africa,Togo
1962,1528098.0,43.922,1067.5348099999999,Africa,Togo
1967,1735550.0,46.769,1477.59676,Africa,Togo
1972,2056351.0,49.75899999999999,1649.660188,Africa,Togo
1977,2308582.0,52.887,1532.776998,Africa,Togo
1982,2644765.0,55.471000000000004,1344.577953,Africa,Togo
1987,3154264.0,56.941,1202.201361,Africa,Togo
1992,3747553.0,58.06100000000001,1034.298904,Africa,Togo
1997,4320890.0,58.39,982.2869242999999,Africa,Togo
2002,4977378.0,57.56100000000001,886.2205765000001,Africa,Togo
2007,5701579.0,58.42,882.9699437999999,Africa,Togo
1952,662850.0,59.1,3023.271928,Americas,Trinidad and Tobago
1957,764900.0,61.8,4100.3934,Americas,Trinidad and Tobago
1962,887498.0,64.9,4997.5239710000005,Americas,Trinidad and Tobago
1967,960155.0,65.4,5621.368472,Americas,Trinidad and Tobago
1972,975199.0,65.9,6619.551418999999,Americas,Trinidad and Tobago
1977,1039009.0,68.3,7899.554209000001,Americas,Trinidad and Tobago
1982,1116479.0,68.832,9119.528607,Americas,Trinidad and Tobago
1987,1191336.0,69.582,7388.597823,Americas,Trinidad and Tobago
1992,1183669.0,69.862,7370.990932,Americas,Trinidad and Tobago
1997,1138101.0,69.465,8792.573126000001,Americas,Trinidad and Tobago
2002,1101832.0,68.976,11460.60023,Americas,Trinidad and Tobago
2007,1056608.0,69.819,18008.50924,Americas,Trinidad and Tobago
1952,3647735.0,44.6,1468.475631,Africa,Tunisia
1957,3950849.0,47.1,1395.232468,Africa,Tunisia
1962,4286552.0,49.57899999999999,1660.30321,Africa,Tunisia
1967,4786986.0,52.053000000000004,1932.3601670000003,Africa,Tunisia
1972,5303507.0,55.602,2753.2859940000003,Africa,Tunisia
1977,6005061.0,59.836999999999996,3120.876811,Africa,Tunisia
1982,6734098.0,64.048,3560.2331740000004,Africa,Tunisia
1987,7724976.0,66.89399999999999,3810.419296,Africa,Tunisia
1992,8523077.0,70.001,4332.720164,Africa,Tunisia
1997,9231669.0,71.973,4876.798614,Africa,Tunisia
2002,9770575.0,73.042,5722.895654999999,Africa,Tunisia
2007,10276158.0,73.923,7092.923025,Africa,Tunisia
1952,22235677.0,43.585,1969.1009800000002,Europe,Turkey
1957,25670939.0,48.07899999999999,2218.754257,Europe,Turkey
1962,29788695.0,52.098,2322.8699079999997,Europe,Turkey
1967,33411317.0,54.336000000000006,2826.3563870000003,Europe,Turkey
1972,37492953.0,57.005,3450.69638,Europe,Turkey
1977,42404033.0,59.507,4269.122326,Europe,Turkey
1982,47328791.0,61.036,4241.356344,Europe,Turkey
1987,52881328.0,63.108000000000004,5089.043686,Europe,Turkey
1992,58179144.0,66.146,5678.348271,Europe,Turkey
1997,63047647.0,68.835,6601.429915,Europe,Turkey
2002,67308928.0,70.845,6508.085718,Europe,Turkey
2007,71158647.0,71.777,8458.276384,Europe,Turkey
1952,5824797.0,39.978,734.753484,Africa,Uganda
1957,6675501.0,42.571000000000005,774.3710692000001,Africa,Uganda
1962,7688797.0,45.343999999999994,767.2717397999999,Africa,Uganda
1967,8900294.0,48.051,908.9185217,Africa,Uganda
1972,10190285.0,51.016000000000005,950.735869,Africa,Uganda
1977,11457758.0,50.35,843.7331372000001,Africa,Uganda
1982,12939400.0,49.849,682.2662267999999,Africa,Uganda
1987,15283050.0,51.50899999999999,617.7244065,Africa,Uganda
1992,18252190.0,48.825,644.1707968999999,Africa,Uganda
1997,21210254.0,44.578,816.559081,Africa,Uganda
2002,24739869.0,47.813,927.7210018,Africa,Uganda
2007,29170398.0,51.542,1056.3801210000001,Africa,Uganda
1952,50430000.0,69.18,9979.508487000001,Europe,United Kingdom
1957,51430000.0,70.42,11283.17795,Europe,United Kingdom
1962,53292000.0,70.76,12477.17707,Europe,United Kingdom
1967,54959000.0,71.36,14142.85089,Europe,United Kingdom
1972,56079000.0,72.01,15895.116409999999,Europe,United Kingdom
1977,56179000.0,72.76,17428.74846,Europe,United Kingdom
1982,56339704.0,74.04,18232.42452,Europe,United Kingdom
1987,56981620.0,75.007,21664.787669999998,Europe,United Kingdom
1992,57866349.0,76.42,22705.09254,Europe,United Kingdom
1997,58808266.0,77.218,26074.53136,Europe,United Kingdom
2002,59912431.0,78.471,29478.99919,Europe,United Kingdom
2007,60776238.0,79.425,33203.26128,Europe,United Kingdom
1952,157553000.0,68.44,13990.482080000002,Americas,United States
1957,171984000.0,69.49,14847.12712,Americas,United States
1962,186538000.0,70.21,16173.145859999999,Americas,United States
1967,198712000.0,70.76,19530.365569999998,Americas,United States
1972,209896000.0,71.34,21806.03594,Americas,United States
1977,220239000.0,73.38,24072.63213,Americas,United States
1982,232187835.0,74.65,25009.55914,Americas,United States
1987,242803533.0,75.02,29884.350410000003,Americas,United States
1992,256894189.0,76.09,32003.93224,Americas,United States
1997,272911760.0,76.81,35767.43303,Americas,United States
2002,287675526.0,77.31,39097.09955,Americas,United States
2007,301139947.0,78.242,42951.65309,Americas,United States
1952,2252965.0,66.071,5716.766744,Americas,Uruguay
1957,2424959.0,67.044,6150.772969,Americas,Uruguay
1962,2598466.0,68.253,5603.357717,Americas,Uruguay
1967,2748579.0,68.468,5444.61962,Americas,Uruguay
1972,2829526.0,68.673,5703.408898,Americas,Uruguay
1977,2873520.0,69.48100000000001,6504.339663000001,Americas,Uruguay
1982,2953997.0,70.805,6920.223051000001,Americas,Uruguay
1987,3045153.0,71.918,7452.398969,Americas,Uruguay
1992,3149262.0,72.752,8137.004775,Americas,Uruguay
1997,3262838.0,74.223,9230.240708,Americas,Uruguay
2002,3363085.0,75.307,7727.002004000001,Americas,Uruguay
2007,3447496.0,76.384,10611.46299,Americas,Uruguay
1952,5439568.0,55.088,7689.799761,Americas,Venezuela
1957,6702668.0,57.907,9802.466526,Americas,Venezuela
1962,8143375.0,60.77,8422.974165000001,Americas,Venezuela
1967,9709552.0,63.479,9541.474188,Americas,Venezuela
1972,11515649.0,65.712,10505.25966,Americas,Venezuela
1977,13503563.0,67.456,13143.95095,Americas,Venezuela
1982,15620766.0,68.557,11152.410109999999,Americas,Venezuela
1987,17910182.0,70.19,9883.584648,Americas,Venezuela
1992,20265563.0,71.15,10733.926309999999,Americas,Venezuela
1997,22374398.0,72.146,10165.49518,Americas,Venezuela
2002,24287670.0,72.766,8605.047831,Americas,Venezuela
2007,26084662.0,73.747,11415.805690000001,Americas,Venezuela
1952,26246839.0,40.412,605.0664917,Asia,Vietnam
1957,28998543.0,42.887,676.2854477999999,Asia,Vietnam
1962,33796140.0,45.363,772.0491602000001,Asia,Vietnam
1967,39463910.0,47.838,637.1232887,Asia,Vietnam
1972,44655014.0,50.254,699.5016441,Asia,Vietnam
1977,50533506.0,55.763999999999996,713.5371196000001,Asia,Vietnam
1982,56142181.0,58.816,707.2357863,Asia,Vietnam
1987,62826491.0,62.82,820.7994449,Asia,Vietnam
1992,69940728.0,67.66199999999999,989.0231487,Asia,Vietnam
1997,76048996.0,70.672,1385.896769,Asia,Vietnam
2002,80908147.0,73.017,1764.456677,Asia,Vietnam
2007,85262356.0,74.249,2441.576404,Asia,Vietnam
1952,1030585.0,43.16,1515.5923289999998,Asia,West Bank and Gaza
1957,1070439.0,45.67100000000001,1827.0677420000002,Asia,West Bank and Gaza
1962,1133134.0,48.126999999999995,2198.9563120000003,Asia,West Bank and Gaza
1967,1142636.0,51.631,2649.7150070000002,Asia,West Bank and Gaza
1972,1089572.0,56.532,3133.4092769999997,Asia,West Bank and Gaza
1977,1261091.0,60.765,3682.8314939999996,Asia,West Bank and Gaza
1982,1425876.0,64.406,4336.032082,Asia,West Bank and Gaza
1987,1691210.0,67.046,5107.197384,Asia,West Bank and Gaza
1992,2104779.0,69.718,6017.654756,Asia,West Bank and Gaza
1997,2826046.0,71.096,7110.667619,Asia,West Bank and Gaza
2002,3389578.0,72.37,4515.487575,Asia,West Bank and Gaza
2007,4018332.0,73.422,3025.349798,Asia,West Bank and Gaza
1952,4963829.0,32.548,781.7175761,Asia,"Yemen, Rep."
1957,5498090.0,33.97,804.8304547,Asia,"Yemen, Rep."
1962,6120081.0,35.18,825.6232006,Asia,"Yemen, Rep."
1967,6740785.0,36.984,862.4421463,Asia,"Yemen, Rep."
1972,7407075.0,39.848,1265.047031,Asia,"Yemen, Rep."
1977,8403990.0,44.175,1829.765177,Asia,"Yemen, Rep."
1982,9657618.0,49.113,1977.5570100000002,Asia,"Yemen, Rep."
1987,11219340.0,52.922,1971.741538,Asia,"Yemen, Rep."
1992,13367997.0,55.599,1879.496673,Asia,"Yemen, Rep."
1997,15826497.0,58.02,2117.484526,Asia,"Yemen, Rep."
2002,18701257.0,60.308,2234.820827,Asia,"Yemen, Rep."
2007,22211743.0,62.698,2280.769906,Asia,"Yemen, Rep."
1952,2672000.0,42.038000000000004,1147.388831,Africa,Zambia
1957,3016000.0,44.077,1311.956766,Africa,Zambia
1962,3421000.0,46.023,1452.725766,Africa,Zambia
1967,3900000.0,47.768,1777.0773179999999,Africa,Zambia
1972,4506497.0,50.107,1773.498265,Africa,Zambia
1977,5216550.0,51.386,1588.688299,Africa,Zambia
1982,6100407.0,51.821000000000005,1408.678565,Africa,Zambia
1987,7272406.0,50.821000000000005,1213.315116,Africa,Zambia
1992,8381163.0,46.1,1210.884633,Africa,Zambia
1997,9417789.0,40.238,1071.353818,Africa,Zambia
2002,10595811.0,39.193000000000005,1071.6139380000002,Africa,Zambia
2007,11746035.0,42.38399999999999,1271.211593,Africa,Zambia
1952,3080907.0,48.451,406.8841148,Africa,Zimbabwe
1957,3646340.0,50.468999999999994,518.7642681,Africa,Zimbabwe
1962,4277736.0,52.358000000000004,527.2721818,Africa,Zimbabwe
1967,4995432.0,53.995,569.7950712,Africa,Zimbabwe
1972,5861135.0,55.635,799.3621757999999,Africa,Zimbabwe
1977,6642107.0,57.674,685.5876821,Africa,Zimbabwe
1982,7636524.0,60.363,788.8550411,Africa,Zimbabwe
1987,9216418.0,62.351000000000006,706.1573059,Africa,Zimbabwe
1992,10704340.0,60.376999999999995,693.4207856,Africa,Zimbabwe
1997,11404948.0,46.809,792.4499602999999,Africa,Zimbabwe
2002,11926563.0,39.989000000000004,672.0386227000001,Africa,Zimbabwe
2007,12311143.0,43.486999999999995,469.70929810000007,Africa,Zimbabwe
